guid/image/axis,value
87e9e215-a030-476d-ac5f-f1f4d06ac0c9/0000/r,9.767393
87e9e215-a030-476d-ac5f-f1f4d06ac0c9/0000/theta,4.941305050800779
d441b25e-dd7d-46c2-895d-2510bcbd207d/0055/r,50
d441b25e-dd7d-46c2-895d-2510bcbd207d/0055/theta,0
05ccd11f-9082-4273-aefa-f8386f9ac125/0003/r,41.188076
05ccd11f-9082-4273-aefa-f8386f9ac125/0003/theta,-16.04954265320282
c6efa238-f063-407a-9f5c-81bb9983302e/0016/r,50
c6efa238-f063-407a-9f5c-81bb9983302e/0016/theta,0
5d07a8d5-1fed-47ef-8bb7-a6074763e09e/0032/r,50
5d07a8d5-1fed-47ef-8bb7-a6074763e09e/0032/theta,0
5d07a8d5-1fed-47ef-8bb7-a6074763e09e/0000/r,3.8648384
5d07a8d5-1fed-47ef-8bb7-a6074763e09e/0000/theta,15.578783817490738
6cc9eaa6-ab67-4102-b088-4ab6efa2af6e/0026/r,18.785366
6cc9eaa6-ab67-4102-b088-4ab6efa2af6e/0026/theta,22.87691949282482
d441b25e-dd7d-46c2-895d-2510bcbd207d/0008/r,39.212795
d441b25e-dd7d-46c2-895d-2510bcbd207d/0008/theta,12.238778624672191
87e9e215-a030-476d-ac5f-f1f4d06ac0c9/0066/r,8.52457
87e9e215-a030-476d-ac5f-f1f4d06ac0c9/0066/theta,3.1381152596801374
7363cba9-9fbb-4fd2-8c07-e46bed2e1f33/0017/r,7.9593363
7363cba9-9fbb-4fd2-8c07-e46bed2e1f33/0017/theta,5.849698866071319
d441b25e-dd7d-46c2-895d-2510bcbd207d/0028/r,12.528499
d441b25e-dd7d-46c2-895d-2510bcbd207d/0028/theta,-20.41387131584818
eccfbc47-1e2f-4754-9fa7-4f56903cd13d/0025/r,6.9492674
eccfbc47-1e2f-4754-9fa7-4f56903cd13d/0025/theta,-30.135047335095546
5d07a8d5-1fed-47ef-8bb7-a6074763e09e/0048/r,9.60966
5d07a8d5-1fed-47ef-8bb7-a6074763e09e/0048/theta,-0.995865059763131
aa3e1716-992d-48a6-9b2b-1abef589b301/0018/r,8.125453
aa3e1716-992d-48a6-9b2b-1abef589b301/0018/theta,5.815302460297958
0382f411-9b8a-47dc-bd88-eac8245a28ee/0045/r,22.912668
0382f411-9b8a-47dc-bd88-eac8245a28ee/0045/theta,-10.386596100078458
f8b71ebf-da9e-408f-a080-6a972365160b/0008/r,9.454206
f8b71ebf-da9e-408f-a080-6a972365160b/0008/theta,24.821465811790986
6662fdd2-4512-4fce-84b0-717edcd5f54c/0024/r,20.14457
6662fdd2-4512-4fce-84b0-717edcd5f54c/0024/theta,-30.445653602696463
f8e9737c-639e-433f-8f28-2d7660d63181/0022/r,50
f8e9737c-639e-433f-8f28-2d7660d63181/0022/theta,0
6662fdd2-4512-4fce-84b0-717edcd5f54c/0003/r,31.628342
6662fdd2-4512-4fce-84b0-717edcd5f54c/0003/theta,-12.113751158141461
f231aa86-53f9-4ddf-b163-0bb421b5c1b1/0002/r,50
f231aa86-53f9-4ddf-b163-0bb421b5c1b1/0002/theta,0
4819ef9e-e93e-479b-a613-dca8f9be3d45/0000/r,50
4819ef9e-e93e-479b-a613-dca8f9be3d45/0000/theta,0
59f19071-a9b1-4de8-b7fd-2a862d2ae674/0018/r,23.05928
59f19071-a9b1-4de8-b7fd-2a862d2ae674/0018/theta,-10.873360630336819
6cc9eaa6-ab67-4102-b088-4ab6efa2af6e/0001/r,20.56289
6cc9eaa6-ab67-4102-b088-4ab6efa2af6e/0001/theta,1.754471866039939
d441b25e-dd7d-46c2-895d-2510bcbd207d/0046/r,50
d441b25e-dd7d-46c2-895d-2510bcbd207d/0046/theta,0
0213ada8-e776-4404-9312-c264153c57c1/0008/r,4.485448
0213ada8-e776-4404-9312-c264153c57c1/0008/theta,19.43891645334222
05ccd11f-9082-4273-aefa-f8386f9ac125/0055/r,42.57625
05ccd11f-9082-4273-aefa-f8386f9ac125/0055/theta,-39.55091389844335
94df467e-76d8-42c3-b45d-dcebf6131998/0008/r,5.2039833
94df467e-76d8-42c3-b45d-dcebf6131998/0008/theta,6.631139574938534e-06
aa3e1716-992d-48a6-9b2b-1abef589b301/0007/r,21.104824
aa3e1716-992d-48a6-9b2b-1abef589b301/0007/theta,22.538304326984974
0213ada8-e776-4404-9312-c264153c57c1/0007/r,5.2104874
0213ada8-e776-4404-9312-c264153c57c1/0007/theta,8.896386280738723
561f3498-8181-4eca-bfda-5f3d61ba76ef/0004/r,29.298307
561f3498-8181-4eca-bfda-5f3d61ba76ef/0004/theta,-11.566379798056639
4b19b5e5-260b-4fbc-83c2-f24eeacdcc64/0022/r,16.450459
4b19b5e5-260b-4fbc-83c2-f24eeacdcc64/0022/theta,-24.36842619433321
ee2d1ee9-dd1d-4e63-9881-19205c5dae27/0072/r,6.3895783
ee2d1ee9-dd1d-4e63-9881-19205c5dae27/0072/theta,-0.9874863386422295
0213ada8-e776-4404-9312-c264153c57c1/0020/r,11.395839
0213ada8-e776-4404-9312-c264153c57c1/0020/theta,7.927917536623337
6662fdd2-4512-4fce-84b0-717edcd5f54c/0054/r,23.773548
6662fdd2-4512-4fce-84b0-717edcd5f54c/0054/theta,38.087962510307484
ee2d1ee9-dd1d-4e63-9881-19205c5dae27/0058/r,6.216921
ee2d1ee9-dd1d-4e63-9881-19205c5dae27/0058/theta,-2.068710620340537
6cc9eaa6-ab67-4102-b088-4ab6efa2af6e/0036/r,20.40757
6cc9eaa6-ab67-4102-b088-4ab6efa2af6e/0036/theta,37.0199463203601
eccfbc47-1e2f-4754-9fa7-4f56903cd13d/0020/r,50
eccfbc47-1e2f-4754-9fa7-4f56903cd13d/0020/theta,0
59f19071-a9b1-4de8-b7fd-2a862d2ae674/0003/r,28.301292
59f19071-a9b1-4de8-b7fd-2a862d2ae674/0003/theta,-34.86040442934215
030a2430-5503-47c8-87df-8df226c188b2/0054/r,13.017393
030a2430-5503-47c8-87df-8df226c188b2/0054/theta,0.3498214518749993
030a2430-5503-47c8-87df-8df226c188b2/0057/r,13.449706
030a2430-5503-47c8-87df-8df226c188b2/0057/theta,0.18364541730803524
7363cba9-9fbb-4fd2-8c07-e46bed2e1f33/0015/r,15.89766
7363cba9-9fbb-4fd2-8c07-e46bed2e1f33/0015/theta,2.177330051494192
561f3498-8181-4eca-bfda-5f3d61ba76ef/0012/r,25.090359
561f3498-8181-4eca-bfda-5f3d61ba76ef/0012/theta,-9.575481254061826
87e9e215-a030-476d-ac5f-f1f4d06ac0c9/0057/r,10.556521
87e9e215-a030-476d-ac5f-f1f4d06ac0c9/0057/theta,3.137063623991367
bc97d88d-8c86-4653-86a5-4597485ce018/0020/r,17.583176
bc97d88d-8c86-4653-86a5-4597485ce018/0020/theta,-8.197587919207427
21466ee9-c1b6-4699-afcc-84128f8d0b1e/0020/r,27.952293
21466ee9-c1b6-4699-afcc-84128f8d0b1e/0020/theta,2.355698520678371
0213ada8-e776-4404-9312-c264153c57c1/0032/r,50
0213ada8-e776-4404-9312-c264153c57c1/0032/theta,0
6cd404eb-1c36-4bde-b9b1-24b39b2c715f/0019/r,50
6cd404eb-1c36-4bde-b9b1-24b39b2c715f/0019/theta,0
aa3e1716-992d-48a6-9b2b-1abef589b301/0015/r,30.790085
aa3e1716-992d-48a6-9b2b-1abef589b301/0015/theta,0.5803444184681757
21466ee9-c1b6-4699-afcc-84128f8d0b1e/0036/r,10.3831625
21466ee9-c1b6-4699-afcc-84128f8d0b1e/0036/theta,-1.3765530169514906
58e8bf48-c131-42fb-b5f6-f63e6dc09483/0006/r,5.9032006
58e8bf48-c131-42fb-b5f6-f63e6dc09483/0006/theta,-32.78367516691602
4b19b5e5-260b-4fbc-83c2-f24eeacdcc64/0008/r,8.802802
4b19b5e5-260b-4fbc-83c2-f24eeacdcc64/0008/theta,-27.72612669974397
f8b71ebf-da9e-408f-a080-6a972365160b/0040/r,6.014997
f8b71ebf-da9e-408f-a080-6a972365160b/0040/theta,11.093809254667212
aa3e1716-992d-48a6-9b2b-1abef589b301/0014/r,30.905878
aa3e1716-992d-48a6-9b2b-1abef589b301/0014/theta,1.2054512287139705
ee2d1ee9-dd1d-4e63-9881-19205c5dae27/0064/r,6.227892
ee2d1ee9-dd1d-4e63-9881-19205c5dae27/0064/theta,-1.9497244561306837
8cfc1ad6-6b03-40bc-8f6e-4215a6741bc3/0000/r,50
8cfc1ad6-6b03-40bc-8f6e-4215a6741bc3/0000/theta,0
c6efa238-f063-407a-9f5c-81bb9983302e/0011/r,50
c6efa238-f063-407a-9f5c-81bb9983302e/0011/theta,0
a7300ae2-80c6-4a3f-ab9c-9f88f5299b67/0017/r,6.8261027
a7300ae2-80c6-4a3f-ab9c-9f88f5299b67/0017/theta,-29.869469089597942
75aeccb7-a82d-4013-9962-e9c9039c264d/0021/r,24.77171
75aeccb7-a82d-4013-9962-e9c9039c264d/0021/theta,7.984393809549233
8fbecc89-51bb-4569-93b3-15a163050cfc/0002/r,50
8fbecc89-51bb-4569-93b3-15a163050cfc/0002/theta,0
0382f411-9b8a-47dc-bd88-eac8245a28ee/0030/r,15.190599
0382f411-9b8a-47dc-bd88-eac8245a28ee/0030/theta,-21.001200990124868
77d40a22-9c26-4258-a3cc-a92789bd692e/0019/r,50
77d40a22-9c26-4258-a3cc-a92789bd692e/0019/theta,0
21466ee9-c1b6-4699-afcc-84128f8d0b1e/0002/r,16.7979
21466ee9-c1b6-4699-afcc-84128f8d0b1e/0002/theta,-1.8628854310231415
c6efa238-f063-407a-9f5c-81bb9983302e/0008/r,50
c6efa238-f063-407a-9f5c-81bb9983302e/0008/theta,0
0213ada8-e776-4404-9312-c264153c57c1/0049/r,50
0213ada8-e776-4404-9312-c264153c57c1/0049/theta,0
ec1672b2-15ee-4dcb-a6a0-1f524a1977d4/0013/r,50
ec1672b2-15ee-4dcb-a6a0-1f524a1977d4/0013/theta,0
f7641633-c393-4115-9278-0d9b4dbf391b/0045/r,21.69416
f7641633-c393-4115-9278-0d9b4dbf391b/0045/theta,2.791962553204361
0382f411-9b8a-47dc-bd88-eac8245a28ee/0011/r,50
0382f411-9b8a-47dc-bd88-eac8245a28ee/0011/theta,0
55bfa58c-415e-443e-aaa0-c6716f66f780/0042/r,19.050316
55bfa58c-415e-443e-aaa0-c6716f66f780/0042/theta,37.269490696781105
6662fdd2-4512-4fce-84b0-717edcd5f54c/0012/r,26.923407
6662fdd2-4512-4fce-84b0-717edcd5f54c/0012/theta,-11.679284532584242
e8bd0d0d-7332-4698-a425-05be2697d3a5/0003/r,15.389216
e8bd0d0d-7332-4698-a425-05be2697d3a5/0003/theta,-0.3858957629870828
87e9e215-a030-476d-ac5f-f1f4d06ac0c9/0011/r,35.243996
87e9e215-a030-476d-ac5f-f1f4d06ac0c9/0011/theta,-18.355061054709576
59f19071-a9b1-4de8-b7fd-2a862d2ae674/0016/r,50
59f19071-a9b1-4de8-b7fd-2a862d2ae674/0016/theta,0
6662fdd2-4512-4fce-84b0-717edcd5f54c/0022/r,25.558674
6662fdd2-4512-4fce-84b0-717edcd5f54c/0022/theta,-9.523564132406912
fdf23cc5-6850-4507-996e-3e75cec90b5f/0005/r,20.508404
fdf23cc5-6850-4507-996e-3e75cec90b5f/0005/theta,1.0009213207396446
561f3498-8181-4eca-bfda-5f3d61ba76ef/0020/r,50
561f3498-8181-4eca-bfda-5f3d61ba76ef/0020/theta,0
59f19071-a9b1-4de8-b7fd-2a862d2ae674/0004/r,50
59f19071-a9b1-4de8-b7fd-2a862d2ae674/0004/theta,0
f7641633-c393-4115-9278-0d9b4dbf391b/0020/r,50
f7641633-c393-4115-9278-0d9b4dbf391b/0020/theta,0
6cc9eaa6-ab67-4102-b088-4ab6efa2af6e/0031/r,22.659813
6cc9eaa6-ab67-4102-b088-4ab6efa2af6e/0031/theta,-13.101853281026049
ec1672b2-15ee-4dcb-a6a0-1f524a1977d4/0014/r,25.647957
ec1672b2-15ee-4dcb-a6a0-1f524a1977d4/0014/theta,-4.445633953864722
0213ada8-e776-4404-9312-c264153c57c1/0009/r,4.84624
0213ada8-e776-4404-9312-c264153c57c1/0009/theta,2.9629921975687723
0213ada8-e776-4404-9312-c264153c57c1/0005/r,5.896895
0213ada8-e776-4404-9312-c264153c57c1/0005/theta,3.137805766733371
a7300ae2-80c6-4a3f-ab9c-9f88f5299b67/0016/r,31.342087
a7300ae2-80c6-4a3f-ab9c-9f88f5299b67/0016/theta,36.97710737388578
b89ca3c0-b361-43f8-b261-ab7eabe8eabf/0003/r,12.6310835
b89ca3c0-b361-43f8-b261-ab7eabe8eabf/0003/theta,28.429284429513025
eccfbc47-1e2f-4754-9fa7-4f56903cd13d/0005/r,40.750614
eccfbc47-1e2f-4754-9fa7-4f56903cd13d/0005/theta,-11.029145292473762
6662fdd2-4512-4fce-84b0-717edcd5f54c/0065/r,18.29532
6662fdd2-4512-4fce-84b0-717edcd5f54c/0065/theta,-14.875426304688459
6662fdd2-4512-4fce-84b0-717edcd5f54c/0005/r,30.057125
6662fdd2-4512-4fce-84b0-717edcd5f54c/0005/theta,-12.746172887544928
aa3e1716-992d-48a6-9b2b-1abef589b301/0009/r,23.6855
aa3e1716-992d-48a6-9b2b-1abef589b301/0009/theta,-3.7371269053150753
ee2d1ee9-dd1d-4e63-9881-19205c5dae27/0031/r,4.887599
ee2d1ee9-dd1d-4e63-9881-19205c5dae27/0031/theta,-0.19162590638381335
4819ef9e-e93e-479b-a613-dca8f9be3d45/0004/r,22.4309
4819ef9e-e93e-479b-a613-dca8f9be3d45/0004/theta,-33.62369964236838
5d07a8d5-1fed-47ef-8bb7-a6074763e09e/0004/r,5.9519176
5d07a8d5-1fed-47ef-8bb7-a6074763e09e/0004/theta,2.518683482860977
ec1672b2-15ee-4dcb-a6a0-1f524a1977d4/0006/r,5.6840057
ec1672b2-15ee-4dcb-a6a0-1f524a1977d4/0006/theta,28.19181070490273
87e9e215-a030-476d-ac5f-f1f4d06ac0c9/0063/r,9.805537
87e9e215-a030-476d-ac5f-f1f4d06ac0c9/0063/theta,4.129482853318227
561f3498-8181-4eca-bfda-5f3d61ba76ef/0036/r,21.822714
561f3498-8181-4eca-bfda-5f3d61ba76ef/0036/theta,1.1848540462198567
7363cba9-9fbb-4fd2-8c07-e46bed2e1f33/0021/r,12.139197
7363cba9-9fbb-4fd2-8c07-e46bed2e1f33/0021/theta,6.144759196234461
0213ada8-e776-4404-9312-c264153c57c1/0048/r,50
0213ada8-e776-4404-9312-c264153c57c1/0048/theta,0
5d07a8d5-1fed-47ef-8bb7-a6074763e09e/0011/r,5.7543836
5d07a8d5-1fed-47ef-8bb7-a6074763e09e/0011/theta,0.19929954387504334
0382f411-9b8a-47dc-bd88-eac8245a28ee/0055/r,31.376972
0382f411-9b8a-47dc-bd88-eac8245a28ee/0055/theta,-20.947874288179996
21466ee9-c1b6-4699-afcc-84128f8d0b1e/0023/r,17.166035
21466ee9-c1b6-4699-afcc-84128f8d0b1e/0023/theta,2.259131171758615
94835623-ca6c-4ac4-82d4-0e63c1b7c16a/0030/r,9.790497
94835623-ca6c-4ac4-82d4-0e63c1b7c16a/0030/theta,-30.664830958067586
cfb2daae-611b-4b73-9084-6dbf68c8343d/0008/r,9.13535
cfb2daae-611b-4b73-9084-6dbf68c8343d/0008/theta,6.224087147689105
fdf23cc5-6850-4507-996e-3e75cec90b5f/0004/r,14.196961
fdf23cc5-6850-4507-996e-3e75cec90b5f/0004/theta,6.1990527968337155
6cc9eaa6-ab67-4102-b088-4ab6efa2af6e/0033/r,50
6cc9eaa6-ab67-4102-b088-4ab6efa2af6e/0033/theta,0
f8b71ebf-da9e-408f-a080-6a972365160b/0001/r,43.94564
f8b71ebf-da9e-408f-a080-6a972365160b/0001/theta,-8.224528746614896
030a2430-5503-47c8-87df-8df226c188b2/0063/r,12.512918
030a2430-5503-47c8-87df-8df226c188b2/0063/theta,0.00027716671801110784
f7641633-c393-4115-9278-0d9b4dbf391b/0026/r,50
f7641633-c393-4115-9278-0d9b4dbf391b/0026/theta,0
33258271-d00b-47bb-a09a-4db79a4717e0/0020/r,50
33258271-d00b-47bb-a09a-4db79a4717e0/0020/theta,0
75aeccb7-a82d-4013-9962-e9c9039c264d/0022/r,36.790443
75aeccb7-a82d-4013-9962-e9c9039c264d/0022/theta,37.9248985740626
75aeccb7-a82d-4013-9962-e9c9039c264d/0013/r,50
75aeccb7-a82d-4013-9962-e9c9039c264d/0013/theta,0
21466ee9-c1b6-4699-afcc-84128f8d0b1e/0008/r,15.114143
21466ee9-c1b6-4699-afcc-84128f8d0b1e/0008/theta,4.876087416397736
94df467e-76d8-42c3-b45d-dcebf6131998/0011/r,5.2444167
94df467e-76d8-42c3-b45d-dcebf6131998/0011/theta,2.8715848431235496
43125b79-258a-42c8-8572-fcad85e3c3be/0002/r,27.466314
43125b79-258a-42c8-8572-fcad85e3c3be/0002/theta,-36.54538477682762
c6efa238-f063-407a-9f5c-81bb9983302e/0019/r,10.869209
c6efa238-f063-407a-9f5c-81bb9983302e/0019/theta,30.974361470874225
f8e9737c-639e-433f-8f28-2d7660d63181/0039/r,50
f8e9737c-639e-433f-8f28-2d7660d63181/0039/theta,0
6662fdd2-4512-4fce-84b0-717edcd5f54c/0052/r,8.781994
6662fdd2-4512-4fce-84b0-717edcd5f54c/0052/theta,20.670391022959056
94df467e-76d8-42c3-b45d-dcebf6131998/0009/r,5.4195156
94df467e-76d8-42c3-b45d-dcebf6131998/0009/theta,1.993642359050454
030a2430-5503-47c8-87df-8df226c188b2/0015/r,13.257549
030a2430-5503-47c8-87df-8df226c188b2/0015/theta,21.175802823425197
c8f59cc1-94da-4419-9946-8b1e4a42bbcd/0014/r,14.038964
c8f59cc1-94da-4419-9946-8b1e4a42bbcd/0014/theta,25.580818922956322
4bdadb60-87ad-4a69-92a0-8d99e2fe3a51/0000/r,50
4bdadb60-87ad-4a69-92a0-8d99e2fe3a51/0000/theta,0
eccfbc47-1e2f-4754-9fa7-4f56903cd13d/0010/r,16.328108
eccfbc47-1e2f-4754-9fa7-4f56903cd13d/0010/theta,-25.3925498811268
f8e9737c-639e-433f-8f28-2d7660d63181/0007/r,32.279057
f8e9737c-639e-433f-8f28-2d7660d63181/0007/theta,-10.398579666977247
561f3498-8181-4eca-bfda-5f3d61ba76ef/0003/r,50
561f3498-8181-4eca-bfda-5f3d61ba76ef/0003/theta,0
5d07a8d5-1fed-47ef-8bb7-a6074763e09e/0026/r,50
5d07a8d5-1fed-47ef-8bb7-a6074763e09e/0026/theta,0
75aeccb7-a82d-4013-9962-e9c9039c264d/0005/r,50
75aeccb7-a82d-4013-9962-e9c9039c264d/0005/theta,0
87e9e215-a030-476d-ac5f-f1f4d06ac0c9/0067/r,8.833825
87e9e215-a030-476d-ac5f-f1f4d06ac0c9/0067/theta,2.6587160212245786
87e9e215-a030-476d-ac5f-f1f4d06ac0c9/0018/r,17.454567
87e9e215-a030-476d-ac5f-f1f4d06ac0c9/0018/theta,2.558920554148345
77d40a22-9c26-4258-a3cc-a92789bd692e/0015/r,50
77d40a22-9c26-4258-a3cc-a92789bd692e/0015/theta,0
ee2d1ee9-dd1d-4e63-9881-19205c5dae27/0061/r,6.2344904
ee2d1ee9-dd1d-4e63-9881-19205c5dae27/0061/theta,-2.267901774983146
c6efa238-f063-407a-9f5c-81bb9983302e/0006/r,50
c6efa238-f063-407a-9f5c-81bb9983302e/0006/theta,0
94835623-ca6c-4ac4-82d4-0e63c1b7c16a/0025/r,5.88035
94835623-ca6c-4ac4-82d4-0e63c1b7c16a/0025/theta,3.450092047426698
561f3498-8181-4eca-bfda-5f3d61ba76ef/0029/r,29.437044
561f3498-8181-4eca-bfda-5f3d61ba76ef/0029/theta,-28.320459025467212
6cd404eb-1c36-4bde-b9b1-24b39b2c715f/0006/r,13.1914835
6cd404eb-1c36-4bde-b9b1-24b39b2c715f/0006/theta,-12.406840551842231
9d602547-bdf8-45e3-9b16-81c6fe9338e4/0002/r,50
9d602547-bdf8-45e3-9b16-81c6fe9338e4/0002/theta,0
0382f411-9b8a-47dc-bd88-eac8245a28ee/0002/r,27.471731
0382f411-9b8a-47dc-bd88-eac8245a28ee/0002/theta,-17.90699381496757
75aeccb7-a82d-4013-9962-e9c9039c264d/0025/r,26.332796
75aeccb7-a82d-4013-9962-e9c9039c264d/0025/theta,6.6503127231258805
9777f121-d32a-4eba-ad84-7b1b579d9f32/0032/r,6.5984855
9777f121-d32a-4eba-ad84-7b1b579d9f32/0032/theta,-32.33698762538636
21466ee9-c1b6-4699-afcc-84128f8d0b1e/0028/r,19.18756
21466ee9-c1b6-4699-afcc-84128f8d0b1e/0028/theta,2.1757471551540415
58e8bf48-c131-42fb-b5f6-f63e6dc09483/0003/r,8.629182
58e8bf48-c131-42fb-b5f6-f63e6dc09483/0003/theta,-27.857920322421243
55bfa58c-415e-443e-aaa0-c6716f66f780/0035/r,50
55bfa58c-415e-443e-aaa0-c6716f66f780/0035/theta,0
561f3498-8181-4eca-bfda-5f3d61ba76ef/0005/r,12.61169
561f3498-8181-4eca-bfda-5f3d61ba76ef/0005/theta,21.524412263568063
268e7603-8bb4-4909-ad83-2962513382d4/0007/r,50
268e7603-8bb4-4909-ad83-2962513382d4/0007/theta,0
030a2430-5503-47c8-87df-8df226c188b2/0016/r,41.004448
030a2430-5503-47c8-87df-8df226c188b2/0016/theta,7.930709376446579
77d40a22-9c26-4258-a3cc-a92789bd692e/0017/r,33.693638
77d40a22-9c26-4258-a3cc-a92789bd692e/0017/theta,-14.052607075755361
9777f121-d32a-4eba-ad84-7b1b579d9f32/0018/r,35.44415
9777f121-d32a-4eba-ad84-7b1b579d9f32/0018/theta,-37.77136958189905
cfb2daae-611b-4b73-9084-6dbf68c8343d/0002/r,50
cfb2daae-611b-4b73-9084-6dbf68c8343d/0002/theta,0
77d40a22-9c26-4258-a3cc-a92789bd692e/0016/r,31.899443
77d40a22-9c26-4258-a3cc-a92789bd692e/0016/theta,-14.884320918535106
561f3498-8181-4eca-bfda-5f3d61ba76ef/0015/r,50
561f3498-8181-4eca-bfda-5f3d61ba76ef/0015/theta,0
94835623-ca6c-4ac4-82d4-0e63c1b7c16a/0020/r,10.766484
94835623-ca6c-4ac4-82d4-0e63c1b7c16a/0020/theta,3.223873407351525
d441b25e-dd7d-46c2-895d-2510bcbd207d/0041/r,50
d441b25e-dd7d-46c2-895d-2510bcbd207d/0041/theta,0
5d07a8d5-1fed-47ef-8bb7-a6074763e09e/0008/r,5.177842
5d07a8d5-1fed-47ef-8bb7-a6074763e09e/0008/theta,1.883435976131829
268e7603-8bb4-4909-ad83-2962513382d4/0018/r,50
268e7603-8bb4-4909-ad83-2962513382d4/0018/theta,0
77d40a22-9c26-4258-a3cc-a92789bd692e/0007/r,50
77d40a22-9c26-4258-a3cc-a92789bd692e/0007/theta,0
2b0b4d7d-2d10-46c6-b81d-6a7ec08ad6a9/0002/r,9.992345
2b0b4d7d-2d10-46c6-b81d-6a7ec08ad6a9/0002/theta,-20.64640852123585
c8f59cc1-94da-4419-9946-8b1e4a42bbcd/0005/r,4.698131
c8f59cc1-94da-4419-9946-8b1e4a42bbcd/0005/theta,2.5451387265071403
0382f411-9b8a-47dc-bd88-eac8245a28ee/0061/r,50
0382f411-9b8a-47dc-bd88-eac8245a28ee/0061/theta,0
0382f411-9b8a-47dc-bd88-eac8245a28ee/0044/r,50
0382f411-9b8a-47dc-bd88-eac8245a28ee/0044/theta,0
55bfa58c-415e-443e-aaa0-c6716f66f780/0021/r,11.169978
55bfa58c-415e-443e-aaa0-c6716f66f780/0021/theta,-20.42464423171658
ee2d1ee9-dd1d-4e63-9881-19205c5dae27/0051/r,5.419425
ee2d1ee9-dd1d-4e63-9881-19205c5dae27/0051/theta,-2.1807549644761304
030a2430-5503-47c8-87df-8df226c188b2/0008/r,50
030a2430-5503-47c8-87df-8df226c188b2/0008/theta,0
f231aa86-53f9-4ddf-b163-0bb421b5c1b1/0004/r,50
f231aa86-53f9-4ddf-b163-0bb421b5c1b1/0004/theta,0
030a2430-5503-47c8-87df-8df226c188b2/0059/r,12.561916
030a2430-5503-47c8-87df-8df226c188b2/0059/theta,-2.489967660042951
87e9e215-a030-476d-ac5f-f1f4d06ac0c9/0060/r,9.548076
87e9e215-a030-476d-ac5f-f1f4d06ac0c9/0060/theta,5.884978073794904
94835623-ca6c-4ac4-82d4-0e63c1b7c16a/0000/r,5.915092
94835623-ca6c-4ac4-82d4-0e63c1b7c16a/0000/theta,8.445205328508838
1d954255-b8d3-42f4-9e47-2cc32c4cb5ce/0021/r,50
1d954255-b8d3-42f4-9e47-2cc32c4cb5ce/0021/theta,0
6cc9eaa6-ab67-4102-b088-4ab6efa2af6e/0039/r,20.118958
6cc9eaa6-ab67-4102-b088-4ab6efa2af6e/0039/theta,37.57977253039644
c8f59cc1-94da-4419-9946-8b1e4a42bbcd/0016/r,4.583917
c8f59cc1-94da-4419-9946-8b1e4a42bbcd/0016/theta,-3.0883637348789414
6cc9eaa6-ab67-4102-b088-4ab6efa2af6e/0034/r,23.47573
6cc9eaa6-ab67-4102-b088-4ab6efa2af6e/0034/theta,28.3581582545911
ec1672b2-15ee-4dcb-a6a0-1f524a1977d4/0018/r,35.475037
ec1672b2-15ee-4dcb-a6a0-1f524a1977d4/0018/theta,25.71819622528008
33258271-d00b-47bb-a09a-4db79a4717e0/0024/r,29.389297
33258271-d00b-47bb-a09a-4db79a4717e0/0024/theta,-11.007004380505519
fdf23cc5-6850-4507-996e-3e75cec90b5f/0000/r,14.354651
fdf23cc5-6850-4507-996e-3e75cec90b5f/0000/theta,0.9922668307310036
43125b79-258a-42c8-8572-fcad85e3c3be/0015/r,50
43125b79-258a-42c8-8572-fcad85e3c3be/0015/theta,0
9777f121-d32a-4eba-ad84-7b1b579d9f32/0006/r,50
9777f121-d32a-4eba-ad84-7b1b579d9f32/0006/theta,0
5d07a8d5-1fed-47ef-8bb7-a6074763e09e/0014/r,4.9127154
5d07a8d5-1fed-47ef-8bb7-a6074763e09e/0014/theta,1.5380038546134884
1d954255-b8d3-42f4-9e47-2cc32c4cb5ce/0008/r,50
1d954255-b8d3-42f4-9e47-2cc32c4cb5ce/0008/theta,0
4bdadb60-87ad-4a69-92a0-8d99e2fe3a51/0011/r,9.281084
4bdadb60-87ad-4a69-92a0-8d99e2fe3a51/0011/theta,5.2029277629953015
6cd404eb-1c36-4bde-b9b1-24b39b2c715f/0020/r,50
6cd404eb-1c36-4bde-b9b1-24b39b2c715f/0020/theta,0
6662fdd2-4512-4fce-84b0-717edcd5f54c/0020/r,25.548067
6662fdd2-4512-4fce-84b0-717edcd5f54c/0020/theta,-9.533059802900523
ee2d1ee9-dd1d-4e63-9881-19205c5dae27/0050/r,5.506111
ee2d1ee9-dd1d-4e63-9881-19205c5dae27/0050/theta,-2.5917236048543892
cfb2daae-611b-4b73-9084-6dbf68c8343d/0009/r,10.310614
cfb2daae-611b-4b73-9084-6dbf68c8343d/0009/theta,-29.476531721741694
21466ee9-c1b6-4699-afcc-84128f8d0b1e/0019/r,11.350439
21466ee9-c1b6-4699-afcc-84128f8d0b1e/0019/theta,7.125420681791967
94835623-ca6c-4ac4-82d4-0e63c1b7c16a/0007/r,50
94835623-ca6c-4ac4-82d4-0e63c1b7c16a/0007/theta,0
05ccd11f-9082-4273-aefa-f8386f9ac125/0016/r,50
05ccd11f-9082-4273-aefa-f8386f9ac125/0016/theta,0
fdf23cc5-6850-4507-996e-3e75cec90b5f/0016/r,24.172009
fdf23cc5-6850-4507-996e-3e75cec90b5f/0016/theta,-6.861833863324243
4bdadb60-87ad-4a69-92a0-8d99e2fe3a51/0015/r,9.307291
4bdadb60-87ad-4a69-92a0-8d99e2fe3a51/0015/theta,5.581769327951936
43125b79-258a-42c8-8572-fcad85e3c3be/0014/r,50
43125b79-258a-42c8-8572-fcad85e3c3be/0014/theta,0
ee2d1ee9-dd1d-4e63-9881-19205c5dae27/0067/r,5.8043137
ee2d1ee9-dd1d-4e63-9881-19205c5dae27/0067/theta,-2.889336291333001
21466ee9-c1b6-4699-afcc-84128f8d0b1e/0014/r,7.7421002
21466ee9-c1b6-4699-afcc-84128f8d0b1e/0014/theta,8.768870917802817
6662fdd2-4512-4fce-84b0-717edcd5f54c/0019/r,25.548067
6662fdd2-4512-4fce-84b0-717edcd5f54c/0019/theta,-9.533059802900523
561f3498-8181-4eca-bfda-5f3d61ba76ef/0000/r,10.508763
561f3498-8181-4eca-bfda-5f3d61ba76ef/0000/theta,-22.316741528046222
d441b25e-dd7d-46c2-895d-2510bcbd207d/0038/r,14.45546
d441b25e-dd7d-46c2-895d-2510bcbd207d/0038/theta,-30.076068651612488
030a2430-5503-47c8-87df-8df226c188b2/0052/r,14.157417
030a2430-5503-47c8-87df-8df226c188b2/0052/theta,1.1960067846391353
0382f411-9b8a-47dc-bd88-eac8245a28ee/0026/r,50
0382f411-9b8a-47dc-bd88-eac8245a28ee/0026/theta,0
ee2d1ee9-dd1d-4e63-9881-19205c5dae27/0034/r,5.0730433
ee2d1ee9-dd1d-4e63-9881-19205c5dae27/0034/theta,-1.9148497236720101
94df467e-76d8-42c3-b45d-dcebf6131998/0022/r,7.5737476
94df467e-76d8-42c3-b45d-dcebf6131998/0022/theta,31.687214654170116
87e9e215-a030-476d-ac5f-f1f4d06ac0c9/0009/r,50
87e9e215-a030-476d-ac5f-f1f4d06ac0c9/0009/theta,0
f8b71ebf-da9e-408f-a080-6a972365160b/0029/r,8.596757
f8b71ebf-da9e-408f-a080-6a972365160b/0029/theta,-34.40074635857863
d441b25e-dd7d-46c2-895d-2510bcbd207d/0015/r,13.300496
d441b25e-dd7d-46c2-895d-2510bcbd207d/0015/theta,-18.309215117453157
8cfc1ad6-6b03-40bc-8f6e-4215a6741bc3/0005/r,50
8cfc1ad6-6b03-40bc-8f6e-4215a6741bc3/0005/theta,0
0382f411-9b8a-47dc-bd88-eac8245a28ee/0013/r,44.21095
0382f411-9b8a-47dc-bd88-eac8245a28ee/0013/theta,-10.941788880536592
fdf23cc5-6850-4507-996e-3e75cec90b5f/0011/r,30.034672
fdf23cc5-6850-4507-996e-3e75cec90b5f/0011/theta,6.995521582835726
7363cba9-9fbb-4fd2-8c07-e46bed2e1f33/0020/r,7.9358215
7363cba9-9fbb-4fd2-8c07-e46bed2e1f33/0020/theta,5.289581519221607
6cc9eaa6-ab67-4102-b088-4ab6efa2af6e/0035/r,21.882956
6cc9eaa6-ab67-4102-b088-4ab6efa2af6e/0035/theta,34.919465075095246
561f3498-8181-4eca-bfda-5f3d61ba76ef/0024/r,29.6664
561f3498-8181-4eca-bfda-5f3d61ba76ef/0024/theta,20.80780076868137
c8f59cc1-94da-4419-9946-8b1e4a42bbcd/0007/r,19.589766
c8f59cc1-94da-4419-9946-8b1e4a42bbcd/0007/theta,16.319458068823383
77d40a22-9c26-4258-a3cc-a92789bd692e/0000/r,16.825409
77d40a22-9c26-4258-a3cc-a92789bd692e/0000/theta,1.0202732743707006
cfb2daae-611b-4b73-9084-6dbf68c8343d/0012/r,26.407154
cfb2daae-611b-4b73-9084-6dbf68c8343d/0012/theta,-12.562323831882049
9d602547-bdf8-45e3-9b16-81c6fe9338e4/0000/r,34.631912
9d602547-bdf8-45e3-9b16-81c6fe9338e4/0000/theta,-2.759544554412776
f8b71ebf-da9e-408f-a080-6a972365160b/0014/r,11.871128
f8b71ebf-da9e-408f-a080-6a972365160b/0014/theta,31.9018909148782
ec1672b2-15ee-4dcb-a6a0-1f524a1977d4/0000/r,50
ec1672b2-15ee-4dcb-a6a0-1f524a1977d4/0000/theta,0
ec1672b2-15ee-4dcb-a6a0-1f524a1977d4/0008/r,50
ec1672b2-15ee-4dcb-a6a0-1f524a1977d4/0008/theta,0
bc97d88d-8c86-4653-86a5-4597485ce018/0004/r,10.068386
bc97d88d-8c86-4653-86a5-4597485ce018/0004/theta,20.49356084044201
268e7603-8bb4-4909-ad83-2962513382d4/0009/r,50
268e7603-8bb4-4909-ad83-2962513382d4/0009/theta,0
a7300ae2-80c6-4a3f-ab9c-9f88f5299b67/0018/r,50
a7300ae2-80c6-4a3f-ab9c-9f88f5299b67/0018/theta,0
77d40a22-9c26-4258-a3cc-a92789bd692e/0038/r,25.414085
77d40a22-9c26-4258-a3cc-a92789bd692e/0038/theta,-32.170836443636624
0213ada8-e776-4404-9312-c264153c57c1/0033/r,50
0213ada8-e776-4404-9312-c264153c57c1/0033/theta,0
55bfa58c-415e-443e-aaa0-c6716f66f780/0019/r,29.849983
55bfa58c-415e-443e-aaa0-c6716f66f780/0019/theta,-3.110728335542502
55bfa58c-415e-443e-aaa0-c6716f66f780/0053/r,27.838293
55bfa58c-415e-443e-aaa0-c6716f66f780/0053/theta,-7.212062485187225
f8e9737c-639e-433f-8f28-2d7660d63181/0002/r,50
f8e9737c-639e-433f-8f28-2d7660d63181/0002/theta,0
05ccd11f-9082-4273-aefa-f8386f9ac125/0019/r,16.903429
05ccd11f-9082-4273-aefa-f8386f9ac125/0019/theta,-31.502816622052695
55bfa58c-415e-443e-aaa0-c6716f66f780/0041/r,19.119795
55bfa58c-415e-443e-aaa0-c6716f66f780/0041/theta,37.5887337385875
268e7603-8bb4-4909-ad83-2962513382d4/0022/r,32.22759
268e7603-8bb4-4909-ad83-2962513382d4/0022/theta,21.658113216571063
77d40a22-9c26-4258-a3cc-a92789bd692e/0045/r,36.703564
77d40a22-9c26-4258-a3cc-a92789bd692e/0045/theta,-4.380094019910219
6cc9eaa6-ab67-4102-b088-4ab6efa2af6e/0015/r,32.79395
6cc9eaa6-ab67-4102-b088-4ab6efa2af6e/0015/theta,16.20264305099595
d441b25e-dd7d-46c2-895d-2510bcbd207d/0019/r,50
d441b25e-dd7d-46c2-895d-2510bcbd207d/0019/theta,0
aa3e1716-992d-48a6-9b2b-1abef589b301/0025/r,21.437418
aa3e1716-992d-48a6-9b2b-1abef589b301/0025/theta,27.9796957651334
59f19071-a9b1-4de8-b7fd-2a862d2ae674/0007/r,10.549184
59f19071-a9b1-4de8-b7fd-2a862d2ae674/0007/theta,-25.87198476463209
87e9e215-a030-476d-ac5f-f1f4d06ac0c9/0049/r,13.998524
87e9e215-a030-476d-ac5f-f1f4d06ac0c9/0049/theta,0.5911393190079693
f14dd492-2b02-43e0-8716-e03e090cbc64/0012/r,10.4752245
f14dd492-2b02-43e0-8716-e03e090cbc64/0012/theta,-37.310509397841614
2b0b4d7d-2d10-46c6-b81d-6a7ec08ad6a9/0008/r,11.753743
2b0b4d7d-2d10-46c6-b81d-6a7ec08ad6a9/0008/theta,32.2283773722994
87e9e215-a030-476d-ac5f-f1f4d06ac0c9/0001/r,17.71944
87e9e215-a030-476d-ac5f-f1f4d06ac0c9/0001/theta,5.932271157381718
6cc9eaa6-ab67-4102-b088-4ab6efa2af6e/0037/r,19.481855
6cc9eaa6-ab67-4102-b088-4ab6efa2af6e/0037/theta,37.66207289480051
e8bd0d0d-7332-4698-a425-05be2697d3a5/0016/r,50
e8bd0d0d-7332-4698-a425-05be2697d3a5/0016/theta,0
9777f121-d32a-4eba-ad84-7b1b579d9f32/0005/r,15.850785
9777f121-d32a-4eba-ad84-7b1b579d9f32/0005/theta,-4.481938970624279
6662fdd2-4512-4fce-84b0-717edcd5f54c/0023/r,25.561428
6662fdd2-4512-4fce-84b0-717edcd5f54c/0023/theta,-9.535326571931321
1d954255-b8d3-42f4-9e47-2cc32c4cb5ce/0035/r,50
1d954255-b8d3-42f4-9e47-2cc32c4cb5ce/0035/theta,0
0213ada8-e776-4404-9312-c264153c57c1/0051/r,50
0213ada8-e776-4404-9312-c264153c57c1/0051/theta,0
a7300ae2-80c6-4a3f-ab9c-9f88f5299b67/0000/r,50
a7300ae2-80c6-4a3f-ab9c-9f88f5299b67/0000/theta,0
1d954255-b8d3-42f4-9e47-2cc32c4cb5ce/0032/r,29.027113
1d954255-b8d3-42f4-9e47-2cc32c4cb5ce/0032/theta,26.97207381537456
7363cba9-9fbb-4fd2-8c07-e46bed2e1f33/0011/r,50
7363cba9-9fbb-4fd2-8c07-e46bed2e1f33/0011/theta,0
59f19071-a9b1-4de8-b7fd-2a862d2ae674/0039/r,33.00164
59f19071-a9b1-4de8-b7fd-2a862d2ae674/0039/theta,-16.62099384520652
55bfa58c-415e-443e-aaa0-c6716f66f780/0049/r,32.14549
55bfa58c-415e-443e-aaa0-c6716f66f780/0049/theta,-6.1997144714095604
597b5172-e412-4827-9b78-6b3585569148/0000/r,50
597b5172-e412-4827-9b78-6b3585569148/0000/theta,0
eccfbc47-1e2f-4754-9fa7-4f56903cd13d/0006/r,19.297499
eccfbc47-1e2f-4754-9fa7-4f56903cd13d/0006/theta,-16.37978400712023
75aeccb7-a82d-4013-9962-e9c9039c264d/0019/r,40.41762
75aeccb7-a82d-4013-9962-e9c9039c264d/0019/theta,38.40810030689515
f231aa86-53f9-4ddf-b163-0bb421b5c1b1/0022/r,50
f231aa86-53f9-4ddf-b163-0bb421b5c1b1/0022/theta,0
f14dd492-2b02-43e0-8716-e03e090cbc64/0009/r,50
f14dd492-2b02-43e0-8716-e03e090cbc64/0009/theta,0
05ccd11f-9082-4273-aefa-f8386f9ac125/0044/r,11.043492
05ccd11f-9082-4273-aefa-f8386f9ac125/0044/theta,-22.59255993465697
59f19071-a9b1-4de8-b7fd-2a862d2ae674/0006/r,50
59f19071-a9b1-4de8-b7fd-2a862d2ae674/0006/theta,0
21466ee9-c1b6-4699-afcc-84128f8d0b1e/0039/r,6.414897
21466ee9-c1b6-4699-afcc-84128f8d0b1e/0039/theta,-6.974263472817707
6662fdd2-4512-4fce-84b0-717edcd5f54c/0002/r,34.325977
6662fdd2-4512-4fce-84b0-717edcd5f54c/0002/theta,-11.505378524805609
5d07a8d5-1fed-47ef-8bb7-a6074763e09e/0029/r,50
5d07a8d5-1fed-47ef-8bb7-a6074763e09e/0029/theta,0
77d40a22-9c26-4258-a3cc-a92789bd692e/0028/r,35.90089
77d40a22-9c26-4258-a3cc-a92789bd692e/0028/theta,-15.347197715944993
5d07a8d5-1fed-47ef-8bb7-a6074763e09e/0012/r,5.165505
5d07a8d5-1fed-47ef-8bb7-a6074763e09e/0012/theta,1.663366320578666
d441b25e-dd7d-46c2-895d-2510bcbd207d/0037/r,50
d441b25e-dd7d-46c2-895d-2510bcbd207d/0037/theta,0
5d07a8d5-1fed-47ef-8bb7-a6074763e09e/0047/r,17.608572
5d07a8d5-1fed-47ef-8bb7-a6074763e09e/0047/theta,-0.6866318736288003
55bfa58c-415e-443e-aaa0-c6716f66f780/0052/r,27.766932
55bfa58c-415e-443e-aaa0-c6716f66f780/0052/theta,-7.196802988807771
0382f411-9b8a-47dc-bd88-eac8245a28ee/0004/r,25.931837
0382f411-9b8a-47dc-bd88-eac8245a28ee/0004/theta,-32.98362212467897
ee2d1ee9-dd1d-4e63-9881-19205c5dae27/0039/r,5.366517
ee2d1ee9-dd1d-4e63-9881-19205c5dae27/0039/theta,-2.203661497961649
87e9e215-a030-476d-ac5f-f1f4d06ac0c9/0051/r,12.959493
87e9e215-a030-476d-ac5f-f1f4d06ac0c9/0051/theta,-17.563139894034325
2b0b4d7d-2d10-46c6-b81d-6a7ec08ad6a9/0015/r,32.59194
2b0b4d7d-2d10-46c6-b81d-6a7ec08ad6a9/0015/theta,-6.47698898897399
4bdadb60-87ad-4a69-92a0-8d99e2fe3a51/0003/r,7.1374445
4bdadb60-87ad-4a69-92a0-8d99e2fe3a51/0003/theta,8.141580368013322
fdf23cc5-6850-4507-996e-3e75cec90b5f/0009/r,24.046505
fdf23cc5-6850-4507-996e-3e75cec90b5f/0009/theta,2.1865883729141444
77d40a22-9c26-4258-a3cc-a92789bd692e/0009/r,50
77d40a22-9c26-4258-a3cc-a92789bd692e/0009/theta,0
59f19071-a9b1-4de8-b7fd-2a862d2ae674/0012/r,16.325943
59f19071-a9b1-4de8-b7fd-2a862d2ae674/0012/theta,-24.277313178352532
4b19b5e5-260b-4fbc-83c2-f24eeacdcc64/0004/r,50
4b19b5e5-260b-4fbc-83c2-f24eeacdcc64/0004/theta,0
f14dd492-2b02-43e0-8716-e03e090cbc64/0004/r,13.796783
f14dd492-2b02-43e0-8716-e03e090cbc64/0004/theta,9.159187200565073
aa3e1716-992d-48a6-9b2b-1abef589b301/0024/r,21.557404
aa3e1716-992d-48a6-9b2b-1abef589b301/0024/theta,28.25709194544242
f7641633-c393-4115-9278-0d9b4dbf391b/0003/r,50
f7641633-c393-4115-9278-0d9b4dbf391b/0003/theta,0
21466ee9-c1b6-4699-afcc-84128f8d0b1e/0015/r,7.7960424
21466ee9-c1b6-4699-afcc-84128f8d0b1e/0015/theta,9.422600276095784
6662fdd2-4512-4fce-84b0-717edcd5f54c/0010/r,30.084707
6662fdd2-4512-4fce-84b0-717edcd5f54c/0010/theta,-12.734208957440003
0382f411-9b8a-47dc-bd88-eac8245a28ee/0014/r,50
0382f411-9b8a-47dc-bd88-eac8245a28ee/0014/theta,0
ec1672b2-15ee-4dcb-a6a0-1f524a1977d4/0030/r,22.136015
ec1672b2-15ee-4dcb-a6a0-1f524a1977d4/0030/theta,0.6212133356146231
6662fdd2-4512-4fce-84b0-717edcd5f54c/0006/r,30.05728
6662fdd2-4512-4fce-84b0-717edcd5f54c/0006/theta,-12.746206184717131
94835623-ca6c-4ac4-82d4-0e63c1b7c16a/0018/r,34.385357
94835623-ca6c-4ac4-82d4-0e63c1b7c16a/0018/theta,-28.17395146777044
ee2d1ee9-dd1d-4e63-9881-19205c5dae27/0001/r,4.378531
ee2d1ee9-dd1d-4e63-9881-19205c5dae27/0001/theta,-28.704088553032026
f14dd492-2b02-43e0-8716-e03e090cbc64/0007/r,24.644014
f14dd492-2b02-43e0-8716-e03e090cbc64/0007/theta,4.375842227151886
43125b79-258a-42c8-8572-fcad85e3c3be/0004/r,32.555115
43125b79-258a-42c8-8572-fcad85e3c3be/0004/theta,-28.61060204631477
94835623-ca6c-4ac4-82d4-0e63c1b7c16a/0026/r,5.824025
94835623-ca6c-4ac4-82d4-0e63c1b7c16a/0026/theta,3.6574659821383935
ee2d1ee9-dd1d-4e63-9881-19205c5dae27/0074/r,6.5264497
ee2d1ee9-dd1d-4e63-9881-19205c5dae27/0074/theta,-0.46885844229723106
f8e9737c-639e-433f-8f28-2d7660d63181/0004/r,43.62648
f8e9737c-639e-433f-8f28-2d7660d63181/0004/theta,-4.897756191539601
43125b79-258a-42c8-8572-fcad85e3c3be/0013/r,50
43125b79-258a-42c8-8572-fcad85e3c3be/0013/theta,0
77d40a22-9c26-4258-a3cc-a92789bd692e/0013/r,13.283626
77d40a22-9c26-4258-a3cc-a92789bd692e/0013/theta,-16.607570815940154
6662fdd2-4512-4fce-84b0-717edcd5f54c/0055/r,21.770077
6662fdd2-4512-4fce-84b0-717edcd5f54c/0055/theta,37.807883773201944
f8e9737c-639e-433f-8f28-2d7660d63181/0009/r,50
f8e9737c-639e-433f-8f28-2d7660d63181/0009/theta,0
bc97d88d-8c86-4653-86a5-4597485ce018/0010/r,7.0467763
bc97d88d-8c86-4653-86a5-4597485ce018/0010/theta,-18.514218122749213
f7641633-c393-4115-9278-0d9b4dbf391b/0032/r,41.68254
f7641633-c393-4115-9278-0d9b4dbf391b/0032/theta,-17.14283054307925
59f19071-a9b1-4de8-b7fd-2a862d2ae674/0002/r,50
59f19071-a9b1-4de8-b7fd-2a862d2ae674/0002/theta,0
6cc9eaa6-ab67-4102-b088-4ab6efa2af6e/0044/r,50
6cc9eaa6-ab67-4102-b088-4ab6efa2af6e/0044/theta,0
ee2d1ee9-dd1d-4e63-9881-19205c5dae27/0062/r,6.2466183
ee2d1ee9-dd1d-4e63-9881-19205c5dae27/0062/theta,-2.1592742329798518
9777f121-d32a-4eba-ad84-7b1b579d9f32/0026/r,50
9777f121-d32a-4eba-ad84-7b1b579d9f32/0026/theta,0
561f3498-8181-4eca-bfda-5f3d61ba76ef/0027/r,21.438122
561f3498-8181-4eca-bfda-5f3d61ba76ef/0027/theta,-36.66050078509901
21466ee9-c1b6-4699-afcc-84128f8d0b1e/0004/r,36.001972
21466ee9-c1b6-4699-afcc-84128f8d0b1e/0004/theta,-1.7962575759999018
eccfbc47-1e2f-4754-9fa7-4f56903cd13d/0019/r,15.1965275
eccfbc47-1e2f-4754-9fa7-4f56903cd13d/0019/theta,-26.666274293402044
d441b25e-dd7d-46c2-895d-2510bcbd207d/0035/r,30.438227
d441b25e-dd7d-46c2-895d-2510bcbd207d/0035/theta,2.011336604425607
5d07a8d5-1fed-47ef-8bb7-a6074763e09e/0009/r,5.477102
5d07a8d5-1fed-47ef-8bb7-a6074763e09e/0009/theta,0.410921549425583
87e9e215-a030-476d-ac5f-f1f4d06ac0c9/0048/r,13.64259
87e9e215-a030-476d-ac5f-f1f4d06ac0c9/0048/theta,1.2050621213746915
f14dd492-2b02-43e0-8716-e03e090cbc64/0000/r,21.1047
f14dd492-2b02-43e0-8716-e03e090cbc64/0000/theta,-34.653418961639495
94df467e-76d8-42c3-b45d-dcebf6131998/0007/r,5.2375913
94df467e-76d8-42c3-b45d-dcebf6131998/0007/theta,0.389342420516574
fdf23cc5-6850-4507-996e-3e75cec90b5f/0042/r,4.4488206
fdf23cc5-6850-4507-996e-3e75cec90b5f/0042/theta,5.778970122781721
6cd404eb-1c36-4bde-b9b1-24b39b2c715f/0009/r,50
6cd404eb-1c36-4bde-b9b1-24b39b2c715f/0009/theta,0
aa3e1716-992d-48a6-9b2b-1abef589b301/0021/r,50
aa3e1716-992d-48a6-9b2b-1abef589b301/0021/theta,0
ec1672b2-15ee-4dcb-a6a0-1f524a1977d4/0017/r,40.39455
ec1672b2-15ee-4dcb-a6a0-1f524a1977d4/0017/theta,15.973678034544196
43125b79-258a-42c8-8572-fcad85e3c3be/0001/r,23.191267
43125b79-258a-42c8-8572-fcad85e3c3be/0001/theta,-25.224037161471536
bc97d88d-8c86-4653-86a5-4597485ce018/0014/r,33.474686
bc97d88d-8c86-4653-86a5-4597485ce018/0014/theta,-21.779716197006678
b89ca3c0-b361-43f8-b261-ab7eabe8eabf/0011/r,50
b89ca3c0-b361-43f8-b261-ab7eabe8eabf/0011/theta,0
f8e9737c-639e-433f-8f28-2d7660d63181/0048/r,50
f8e9737c-639e-433f-8f28-2d7660d63181/0048/theta,0
0213ada8-e776-4404-9312-c264153c57c1/0001/r,8.843583
0213ada8-e776-4404-9312-c264153c57c1/0001/theta,4.1504447038809955
94df467e-76d8-42c3-b45d-dcebf6131998/0006/r,5.477255
94df467e-76d8-42c3-b45d-dcebf6131998/0006/theta,2.1914629935474177
1d954255-b8d3-42f4-9e47-2cc32c4cb5ce/0010/r,20.577332
1d954255-b8d3-42f4-9e47-2cc32c4cb5ce/0010/theta,18.556940956007644
77d40a22-9c26-4258-a3cc-a92789bd692e/0005/r,13.267373
77d40a22-9c26-4258-a3cc-a92789bd692e/0005/theta,21.493802770802652
05ccd11f-9082-4273-aefa-f8386f9ac125/0002/r,50
05ccd11f-9082-4273-aefa-f8386f9ac125/0002/theta,0
597b5172-e412-4827-9b78-6b3585569148/0001/r,36.019283
597b5172-e412-4827-9b78-6b3585569148/0001/theta,2.395635703972493
f231aa86-53f9-4ddf-b163-0bb421b5c1b1/0028/r,14.257836
f231aa86-53f9-4ddf-b163-0bb421b5c1b1/0028/theta,-23.330027412174292
ec1672b2-15ee-4dcb-a6a0-1f524a1977d4/0020/r,27.92925
ec1672b2-15ee-4dcb-a6a0-1f524a1977d4/0020/theta,5.345727381746404
f8b71ebf-da9e-408f-a080-6a972365160b/0028/r,41.87602
f8b71ebf-da9e-408f-a080-6a972365160b/0028/theta,-1.5874629619408434
55bfa58c-415e-443e-aaa0-c6716f66f780/0013/r,41.8719
55bfa58c-415e-443e-aaa0-c6716f66f780/0013/theta,3.0917350735645774
21466ee9-c1b6-4699-afcc-84128f8d0b1e/0012/r,9.078264
21466ee9-c1b6-4699-afcc-84128f8d0b1e/0012/theta,14.076393209539932
1d954255-b8d3-42f4-9e47-2cc32c4cb5ce/0012/r,8.872262
1d954255-b8d3-42f4-9e47-2cc32c4cb5ce/0012/theta,19.660074563572646
4b19b5e5-260b-4fbc-83c2-f24eeacdcc64/0019/r,41.006516
4b19b5e5-260b-4fbc-83c2-f24eeacdcc64/0019/theta,3.666093791720589
55bfa58c-415e-443e-aaa0-c6716f66f780/0040/r,20.978092
55bfa58c-415e-443e-aaa0-c6716f66f780/0040/theta,36.90908551994163
4819ef9e-e93e-479b-a613-dca8f9be3d45/0007/r,16.388233
4819ef9e-e93e-479b-a613-dca8f9be3d45/0007/theta,1.1341529116806173
77d40a22-9c26-4258-a3cc-a92789bd692e/0020/r,50
77d40a22-9c26-4258-a3cc-a92789bd692e/0020/theta,0
21466ee9-c1b6-4699-afcc-84128f8d0b1e/0040/r,5.802579
21466ee9-c1b6-4699-afcc-84128f8d0b1e/0040/theta,-7.155942235871815
ec1672b2-15ee-4dcb-a6a0-1f524a1977d4/0019/r,28.090347
ec1672b2-15ee-4dcb-a6a0-1f524a1977d4/0019/theta,5.396562772191516
6662fdd2-4512-4fce-84b0-717edcd5f54c/0008/r,30.36378
6662fdd2-4512-4fce-84b0-717edcd5f54c/0008/theta,-12.706192375238258
c6efa238-f063-407a-9f5c-81bb9983302e/0012/r,40.872562
c6efa238-f063-407a-9f5c-81bb9983302e/0012/theta,-8.948525383541662
55bfa58c-415e-443e-aaa0-c6716f66f780/0050/r,28.288517
55bfa58c-415e-443e-aaa0-c6716f66f780/0050/theta,-6.832872153696097
fdf23cc5-6850-4507-996e-3e75cec90b5f/0027/r,30.1806
fdf23cc5-6850-4507-996e-3e75cec90b5f/0027/theta,-28.86865171579973
5d07a8d5-1fed-47ef-8bb7-a6074763e09e/0006/r,5.9371777
5d07a8d5-1fed-47ef-8bb7-a6074763e09e/0006/theta,1.2081532088609452
43125b79-258a-42c8-8572-fcad85e3c3be/0019/r,50
43125b79-258a-42c8-8572-fcad85e3c3be/0019/theta,0
94df467e-76d8-42c3-b45d-dcebf6131998/0013/r,11.437237
94df467e-76d8-42c3-b45d-dcebf6131998/0013/theta,0.38038513434820476
1d954255-b8d3-42f4-9e47-2cc32c4cb5ce/0036/r,50
1d954255-b8d3-42f4-9e47-2cc32c4cb5ce/0036/theta,0
9d602547-bdf8-45e3-9b16-81c6fe9338e4/0005/r,6.5162888
9d602547-bdf8-45e3-9b16-81c6fe9338e4/0005/theta,6.629437957475028
eccfbc47-1e2f-4754-9fa7-4f56903cd13d/0029/r,50
eccfbc47-1e2f-4754-9fa7-4f56903cd13d/0029/theta,0
94df467e-76d8-42c3-b45d-dcebf6131998/0016/r,6.9985585
94df467e-76d8-42c3-b45d-dcebf6131998/0016/theta,6.578087741521227
d441b25e-dd7d-46c2-895d-2510bcbd207d/0012/r,50
d441b25e-dd7d-46c2-895d-2510bcbd207d/0012/theta,0
e8bd0d0d-7332-4698-a425-05be2697d3a5/0005/r,17.080566
e8bd0d0d-7332-4698-a425-05be2697d3a5/0005/theta,-35.948409167895576
fdf23cc5-6850-4507-996e-3e75cec90b5f/0033/r,50
fdf23cc5-6850-4507-996e-3e75cec90b5f/0033/theta,0
d441b25e-dd7d-46c2-895d-2510bcbd207d/0007/r,17.323704
d441b25e-dd7d-46c2-895d-2510bcbd207d/0007/theta,-2.347988517765896
c6efa238-f063-407a-9f5c-81bb9983302e/0002/r,32.260765
c6efa238-f063-407a-9f5c-81bb9983302e/0002/theta,-12.341622490552366
1d954255-b8d3-42f4-9e47-2cc32c4cb5ce/0015/r,16.695797
1d954255-b8d3-42f4-9e47-2cc32c4cb5ce/0015/theta,9.71527388203083
1d954255-b8d3-42f4-9e47-2cc32c4cb5ce/0034/r,50
1d954255-b8d3-42f4-9e47-2cc32c4cb5ce/0034/theta,0
1d954255-b8d3-42f4-9e47-2cc32c4cb5ce/0000/r,27.487148
1d954255-b8d3-42f4-9e47-2cc32c4cb5ce/0000/theta,-18.356295611402057
5d07a8d5-1fed-47ef-8bb7-a6074763e09e/0013/r,4.9537525
5d07a8d5-1fed-47ef-8bb7-a6074763e09e/0013/theta,1.6258922742539794
030a2430-5503-47c8-87df-8df226c188b2/0029/r,50
030a2430-5503-47c8-87df-8df226c188b2/0029/theta,0
94835623-ca6c-4ac4-82d4-0e63c1b7c16a/0014/r,50
94835623-ca6c-4ac4-82d4-0e63c1b7c16a/0014/theta,0
fdf23cc5-6850-4507-996e-3e75cec90b5f/0006/r,6.9107304
fdf23cc5-6850-4507-996e-3e75cec90b5f/0006/theta,1.4063999831290943
55bfa58c-415e-443e-aaa0-c6716f66f780/0024/r,28.71517
55bfa58c-415e-443e-aaa0-c6716f66f780/0024/theta,-32.85947660632482
7363cba9-9fbb-4fd2-8c07-e46bed2e1f33/0012/r,35.6992
7363cba9-9fbb-4fd2-8c07-e46bed2e1f33/0012/theta,0.5954659236820551
94df467e-76d8-42c3-b45d-dcebf6131998/0002/r,3.8794994
94df467e-76d8-42c3-b45d-dcebf6131998/0002/theta,-2.5422299196943614
6662fdd2-4512-4fce-84b0-717edcd5f54c/0044/r,26.488346
6662fdd2-4512-4fce-84b0-717edcd5f54c/0044/theta,-9.347791775437573
ee2d1ee9-dd1d-4e63-9881-19205c5dae27/0029/r,12.662962
ee2d1ee9-dd1d-4e63-9881-19205c5dae27/0029/theta,0.8052674036743087
6662fdd2-4512-4fce-84b0-717edcd5f54c/0034/r,50
6662fdd2-4512-4fce-84b0-717edcd5f54c/0034/theta,0
6cc9eaa6-ab67-4102-b088-4ab6efa2af6e/0007/r,50
6cc9eaa6-ab67-4102-b088-4ab6efa2af6e/0007/theta,0
1d954255-b8d3-42f4-9e47-2cc32c4cb5ce/0004/r,24.90855
1d954255-b8d3-42f4-9e47-2cc32c4cb5ce/0004/theta,-12.67585096739777
87e9e215-a030-476d-ac5f-f1f4d06ac0c9/0020/r,21.731997
87e9e215-a030-476d-ac5f-f1f4d06ac0c9/0020/theta,-0.5807714653738603
d441b25e-dd7d-46c2-895d-2510bcbd207d/0061/r,7.108492
d441b25e-dd7d-46c2-895d-2510bcbd207d/0061/theta,-27.357197446820315
21466ee9-c1b6-4699-afcc-84128f8d0b1e/0007/r,19.368135
21466ee9-c1b6-4699-afcc-84128f8d0b1e/0007/theta,3.5377579523106344
87e9e215-a030-476d-ac5f-f1f4d06ac0c9/0025/r,50
87e9e215-a030-476d-ac5f-f1f4d06ac0c9/0025/theta,0
f8b71ebf-da9e-408f-a080-6a972365160b/0039/r,9.104289
f8b71ebf-da9e-408f-a080-6a972365160b/0039/theta,-27.002966760990528
f231aa86-53f9-4ddf-b163-0bb421b5c1b1/0003/r,21.933813
f231aa86-53f9-4ddf-b163-0bb421b5c1b1/0003/theta,-36.75264686719165
cfb2daae-611b-4b73-9084-6dbf68c8343d/0011/r,13.271191
cfb2daae-611b-4b73-9084-6dbf68c8343d/0011/theta,-21.527661726065695
4b19b5e5-260b-4fbc-83c2-f24eeacdcc64/0023/r,22.578627
4b19b5e5-260b-4fbc-83c2-f24eeacdcc64/0023/theta,-12.031560076764112
ec1672b2-15ee-4dcb-a6a0-1f524a1977d4/0035/r,26.933054
ec1672b2-15ee-4dcb-a6a0-1f524a1977d4/0035/theta,5.556697411056112
268e7603-8bb4-4909-ad83-2962513382d4/0040/r,50
268e7603-8bb4-4909-ad83-2962513382d4/0040/theta,0
ec1672b2-15ee-4dcb-a6a0-1f524a1977d4/0015/r,50
ec1672b2-15ee-4dcb-a6a0-1f524a1977d4/0015/theta,0
ee2d1ee9-dd1d-4e63-9881-19205c5dae27/0004/r,50
ee2d1ee9-dd1d-4e63-9881-19205c5dae27/0004/theta,0
c6efa238-f063-407a-9f5c-81bb9983302e/0015/r,46.80795
c6efa238-f063-407a-9f5c-81bb9983302e/0015/theta,-9.114767065297896
75aeccb7-a82d-4013-9962-e9c9039c264d/0024/r,33.224335
75aeccb7-a82d-4013-9962-e9c9039c264d/0024/theta,6.659190688386428
75aeccb7-a82d-4013-9962-e9c9039c264d/0020/r,25.2333
75aeccb7-a82d-4013-9962-e9c9039c264d/0020/theta,28.918290115592796
ee2d1ee9-dd1d-4e63-9881-19205c5dae27/0069/r,5.7539124
ee2d1ee9-dd1d-4e63-9881-19205c5dae27/0069/theta,-2.5861644712002336
5d07a8d5-1fed-47ef-8bb7-a6074763e09e/0003/r,6.670376
5d07a8d5-1fed-47ef-8bb7-a6074763e09e/0003/theta,0.5861379129882275
87e9e215-a030-476d-ac5f-f1f4d06ac0c9/0002/r,22.549028
87e9e215-a030-476d-ac5f-f1f4d06ac0c9/0002/theta,9.443010588883075
030a2430-5503-47c8-87df-8df226c188b2/0075/r,17.842566
030a2430-5503-47c8-87df-8df226c188b2/0075/theta,-0.20333787988160015
6662fdd2-4512-4fce-84b0-717edcd5f54c/0045/r,26.475641
6662fdd2-4512-4fce-84b0-717edcd5f54c/0045/theta,-9.347733718829629
e8bd0d0d-7332-4698-a425-05be2697d3a5/0008/r,17.7487
e8bd0d0d-7332-4698-a425-05be2697d3a5/0008/theta,-33.21845427362776
ee2d1ee9-dd1d-4e63-9881-19205c5dae27/0056/r,6.088262
ee2d1ee9-dd1d-4e63-9881-19205c5dae27/0056/theta,-2.411776508198291
6cd404eb-1c36-4bde-b9b1-24b39b2c715f/0005/r,9.77374
6cd404eb-1c36-4bde-b9b1-24b39b2c715f/0005/theta,-8.467762882016451
b89ca3c0-b361-43f8-b261-ab7eabe8eabf/0001/r,36.886295
b89ca3c0-b361-43f8-b261-ab7eabe8eabf/0001/theta,-4.654914365128498
0213ada8-e776-4404-9312-c264153c57c1/0019/r,5.038251
0213ada8-e776-4404-9312-c264153c57c1/0019/theta,10.527846973435262
030a2430-5503-47c8-87df-8df226c188b2/0065/r,14.403704
030a2430-5503-47c8-87df-8df226c188b2/0065/theta,2.6967294390502845
21466ee9-c1b6-4699-afcc-84128f8d0b1e/0035/r,9.752871
21466ee9-c1b6-4699-afcc-84128f8d0b1e/0035/theta,-2.3244132776404166e-05
ee2d1ee9-dd1d-4e63-9881-19205c5dae27/0042/r,5.6170793
ee2d1ee9-dd1d-4e63-9881-19205c5dae27/0042/theta,-3.372021491109571
6d479b33-7b8d-4ec8-8fdf-6d58127c633b/0001/r,5.1544423
6d479b33-7b8d-4ec8-8fdf-6d58127c633b/0001/theta,19.77126150552399
b89ca3c0-b361-43f8-b261-ab7eabe8eabf/0006/r,32.39937
b89ca3c0-b361-43f8-b261-ab7eabe8eabf/0006/theta,15.150018692343188
5d07a8d5-1fed-47ef-8bb7-a6074763e09e/0010/r,5.771866
5d07a8d5-1fed-47ef-8bb7-a6074763e09e/0010/theta,1.5615875373221904
f14dd492-2b02-43e0-8716-e03e090cbc64/0001/r,25.468304
f14dd492-2b02-43e0-8716-e03e090cbc64/0001/theta,-33.61049347160816
f7641633-c393-4115-9278-0d9b4dbf391b/0041/r,35.788605
f7641633-c393-4115-9278-0d9b4dbf391b/0041/theta,1.6359282767439611
05ccd11f-9082-4273-aefa-f8386f9ac125/0010/r,41.58171
05ccd11f-9082-4273-aefa-f8386f9ac125/0010/theta,-7.13290230025407
87e9e215-a030-476d-ac5f-f1f4d06ac0c9/0054/r,15.519593
87e9e215-a030-476d-ac5f-f1f4d06ac0c9/0054/theta,0.9896020964593467
55bfa58c-415e-443e-aaa0-c6716f66f780/0016/r,21.35245
55bfa58c-415e-443e-aaa0-c6716f66f780/0016/theta,-20.435674987226154
77d40a22-9c26-4258-a3cc-a92789bd692e/0002/r,16.885597
77d40a22-9c26-4258-a3cc-a92789bd692e/0002/theta,0.5075721145954221
030a2430-5503-47c8-87df-8df226c188b2/0064/r,13.547298
030a2430-5503-47c8-87df-8df226c188b2/0064/theta,1.4684559869983624
75aeccb7-a82d-4013-9962-e9c9039c264d/0033/r,50
75aeccb7-a82d-4013-9962-e9c9039c264d/0033/theta,0
fdf23cc5-6850-4507-996e-3e75cec90b5f/0040/r,13.354051
fdf23cc5-6850-4507-996e-3e75cec90b5f/0040/theta,6.593097935995976
bc97d88d-8c86-4653-86a5-4597485ce018/0013/r,50
bc97d88d-8c86-4653-86a5-4597485ce018/0013/theta,0
94df467e-76d8-42c3-b45d-dcebf6131998/0020/r,50
94df467e-76d8-42c3-b45d-dcebf6131998/0020/theta,0
fdf23cc5-6850-4507-996e-3e75cec90b5f/0013/r,25.191729
fdf23cc5-6850-4507-996e-3e75cec90b5f/0013/theta,1.363903506608627
fdf23cc5-6850-4507-996e-3e75cec90b5f/0028/r,22.437035
fdf23cc5-6850-4507-996e-3e75cec90b5f/0028/theta,-13.031077153299085
87e9e215-a030-476d-ac5f-f1f4d06ac0c9/0034/r,28.20724
87e9e215-a030-476d-ac5f-f1f4d06ac0c9/0034/theta,-22.600831293741855
6cd404eb-1c36-4bde-b9b1-24b39b2c715f/0002/r,5.251317
6cd404eb-1c36-4bde-b9b1-24b39b2c715f/0002/theta,16.03066742543149
33258271-d00b-47bb-a09a-4db79a4717e0/0009/r,50
33258271-d00b-47bb-a09a-4db79a4717e0/0009/theta,0
75aeccb7-a82d-4013-9962-e9c9039c264d/0001/r,50
75aeccb7-a82d-4013-9962-e9c9039c264d/0001/theta,0
4bdadb60-87ad-4a69-92a0-8d99e2fe3a51/0004/r,7.200606
4bdadb60-87ad-4a69-92a0-8d99e2fe3a51/0004/theta,5.242242331857895
aa3e1716-992d-48a6-9b2b-1abef589b301/0020/r,26.683844
aa3e1716-992d-48a6-9b2b-1abef589b301/0020/theta,37.500791637929
6cc9eaa6-ab67-4102-b088-4ab6efa2af6e/0028/r,50
6cc9eaa6-ab67-4102-b088-4ab6efa2af6e/0028/theta,0
6cd404eb-1c36-4bde-b9b1-24b39b2c715f/0015/r,50
6cd404eb-1c36-4bde-b9b1-24b39b2c715f/0015/theta,0
1d954255-b8d3-42f4-9e47-2cc32c4cb5ce/0026/r,20.710356
1d954255-b8d3-42f4-9e47-2cc32c4cb5ce/0026/theta,36.560301909974925
77d40a22-9c26-4258-a3cc-a92789bd692e/0001/r,14.81419
77d40a22-9c26-4258-a3cc-a92789bd692e/0001/theta,2.203664699612822
05ccd11f-9082-4273-aefa-f8386f9ac125/0036/r,50
05ccd11f-9082-4273-aefa-f8386f9ac125/0036/theta,0
87e9e215-a030-476d-ac5f-f1f4d06ac0c9/0037/r,50
87e9e215-a030-476d-ac5f-f1f4d06ac0c9/0037/theta,0
6662fdd2-4512-4fce-84b0-717edcd5f54c/0046/r,26.488045
6662fdd2-4512-4fce-84b0-717edcd5f54c/0046/theta,-9.355567945807634
fdf23cc5-6850-4507-996e-3e75cec90b5f/0030/r,15.006851
fdf23cc5-6850-4507-996e-3e75cec90b5f/0030/theta,-15.752620669604026
ec1672b2-15ee-4dcb-a6a0-1f524a1977d4/0004/r,23.1961
ec1672b2-15ee-4dcb-a6a0-1f524a1977d4/0004/theta,-12.145520075518483
f8e9737c-639e-433f-8f28-2d7660d63181/0033/r,29.197035
f8e9737c-639e-433f-8f28-2d7660d63181/0033/theta,0.9813855923312329
6662fdd2-4512-4fce-84b0-717edcd5f54c/0043/r,50
6662fdd2-4512-4fce-84b0-717edcd5f54c/0043/theta,0
ec1672b2-15ee-4dcb-a6a0-1f524a1977d4/0028/r,14.332533
ec1672b2-15ee-4dcb-a6a0-1f524a1977d4/0028/theta,2.4509738966279366
9777f121-d32a-4eba-ad84-7b1b579d9f32/0030/r,37.468204
9777f121-d32a-4eba-ad84-7b1b579d9f32/0030/theta,29.161608774585332
8cfc1ad6-6b03-40bc-8f6e-4215a6741bc3/0011/r,27.778662
8cfc1ad6-6b03-40bc-8f6e-4215a6741bc3/0011/theta,-34.81742887908443
0382f411-9b8a-47dc-bd88-eac8245a28ee/0025/r,11.937892
0382f411-9b8a-47dc-bd88-eac8245a28ee/0025/theta,3.129641342797679
2b0b4d7d-2d10-46c6-b81d-6a7ec08ad6a9/0017/r,50
2b0b4d7d-2d10-46c6-b81d-6a7ec08ad6a9/0017/theta,0
f7641633-c393-4115-9278-0d9b4dbf391b/0046/r,19.761307
f7641633-c393-4115-9278-0d9b4dbf391b/0046/theta,1.4013517262805144
bc97d88d-8c86-4653-86a5-4597485ce018/0002/r,50
bc97d88d-8c86-4653-86a5-4597485ce018/0002/theta,0
030a2430-5503-47c8-87df-8df226c188b2/0053/r,13.113955
030a2430-5503-47c8-87df-8df226c188b2/0053/theta,0.5335995109231076
33258271-d00b-47bb-a09a-4db79a4717e0/0022/r,50
33258271-d00b-47bb-a09a-4db79a4717e0/0022/theta,0
ee2d1ee9-dd1d-4e63-9881-19205c5dae27/0005/r,50
ee2d1ee9-dd1d-4e63-9881-19205c5dae27/0005/theta,0
ec1672b2-15ee-4dcb-a6a0-1f524a1977d4/0022/r,27.15217
ec1672b2-15ee-4dcb-a6a0-1f524a1977d4/0022/theta,-8.627785676533387
0213ada8-e776-4404-9312-c264153c57c1/0025/r,50
0213ada8-e776-4404-9312-c264153c57c1/0025/theta,0
77d40a22-9c26-4258-a3cc-a92789bd692e/0039/r,23.031174
77d40a22-9c26-4258-a3cc-a92789bd692e/0039/theta,-20.0592291111209
4b19b5e5-260b-4fbc-83c2-f24eeacdcc64/0006/r,20.653515
4b19b5e5-260b-4fbc-83c2-f24eeacdcc64/0006/theta,-17.903438701504577
8cfc1ad6-6b03-40bc-8f6e-4215a6741bc3/0022/r,5.6417074
8cfc1ad6-6b03-40bc-8f6e-4215a6741bc3/0022/theta,-1.9090948624094513
6662fdd2-4512-4fce-84b0-717edcd5f54c/0001/r,38.201912
6662fdd2-4512-4fce-84b0-717edcd5f54c/0001/theta,-28.95792570334638
ee2d1ee9-dd1d-4e63-9881-19205c5dae27/0006/r,50
ee2d1ee9-dd1d-4e63-9881-19205c5dae27/0006/theta,0
0382f411-9b8a-47dc-bd88-eac8245a28ee/0034/r,50
0382f411-9b8a-47dc-bd88-eac8245a28ee/0034/theta,0
1d954255-b8d3-42f4-9e47-2cc32c4cb5ce/0002/r,21.781445
1d954255-b8d3-42f4-9e47-2cc32c4cb5ce/0002/theta,-0.36864358559770327
cfb2daae-611b-4b73-9084-6dbf68c8343d/0003/r,50
cfb2daae-611b-4b73-9084-6dbf68c8343d/0003/theta,0
ee2d1ee9-dd1d-4e63-9881-19205c5dae27/0070/r,5.424824
ee2d1ee9-dd1d-4e63-9881-19205c5dae27/0070/theta,-1.749294262483952
c6efa238-f063-407a-9f5c-81bb9983302e/0005/r,29.702751
c6efa238-f063-407a-9f5c-81bb9983302e/0005/theta,-8.836368554728175
030a2430-5503-47c8-87df-8df226c188b2/0073/r,16.926716
030a2430-5503-47c8-87df-8df226c188b2/0073/theta,-0.3275030350296157
9777f121-d32a-4eba-ad84-7b1b579d9f32/0024/r,50
9777f121-d32a-4eba-ad84-7b1b579d9f32/0024/theta,0
55bfa58c-415e-443e-aaa0-c6716f66f780/0055/r,27.768
55bfa58c-415e-443e-aaa0-c6716f66f780/0055/theta,-7.192476917742214
33258271-d00b-47bb-a09a-4db79a4717e0/0007/r,23.981789
33258271-d00b-47bb-a09a-4db79a4717e0/0007/theta,15.714299893265668
75aeccb7-a82d-4013-9962-e9c9039c264d/0032/r,6.553499
75aeccb7-a82d-4013-9962-e9c9039c264d/0032/theta,8.384098187325671
f8e9737c-639e-433f-8f28-2d7660d63181/0023/r,50
f8e9737c-639e-433f-8f28-2d7660d63181/0023/theta,0
d441b25e-dd7d-46c2-895d-2510bcbd207d/0029/r,36.986465
d441b25e-dd7d-46c2-895d-2510bcbd207d/0029/theta,-8.282632312110547
2b0b4d7d-2d10-46c6-b81d-6a7ec08ad6a9/0013/r,50
2b0b4d7d-2d10-46c6-b81d-6a7ec08ad6a9/0013/theta,0
55bfa58c-415e-443e-aaa0-c6716f66f780/0008/r,50
55bfa58c-415e-443e-aaa0-c6716f66f780/0008/theta,0
030a2430-5503-47c8-87df-8df226c188b2/0032/r,50
030a2430-5503-47c8-87df-8df226c188b2/0032/theta,0
ee2d1ee9-dd1d-4e63-9881-19205c5dae27/0053/r,5.607791
ee2d1ee9-dd1d-4e63-9881-19205c5dae27/0053/theta,-2.6068891861327566
6cc9eaa6-ab67-4102-b088-4ab6efa2af6e/0006/r,50
6cc9eaa6-ab67-4102-b088-4ab6efa2af6e/0006/theta,0
eccfbc47-1e2f-4754-9fa7-4f56903cd13d/0032/r,50
eccfbc47-1e2f-4754-9fa7-4f56903cd13d/0032/theta,0
030a2430-5503-47c8-87df-8df226c188b2/0076/r,9.022183
030a2430-5503-47c8-87df-8df226c188b2/0076/theta,0.5935634491939421
0382f411-9b8a-47dc-bd88-eac8245a28ee/0024/r,18.885445
0382f411-9b8a-47dc-bd88-eac8245a28ee/0024/theta,8.226891138294073
9777f121-d32a-4eba-ad84-7b1b579d9f32/0010/r,50
9777f121-d32a-4eba-ad84-7b1b579d9f32/0010/theta,0
0382f411-9b8a-47dc-bd88-eac8245a28ee/0060/r,50
0382f411-9b8a-47dc-bd88-eac8245a28ee/0060/theta,0
58e8bf48-c131-42fb-b5f6-f63e6dc09483/0005/r,6.234169
58e8bf48-c131-42fb-b5f6-f63e6dc09483/0005/theta,-34.7077633617707
aa3e1716-992d-48a6-9b2b-1abef589b301/0012/r,27.240896
aa3e1716-992d-48a6-9b2b-1abef589b301/0012/theta,-1.6165620224043304
fdf23cc5-6850-4507-996e-3e75cec90b5f/0018/r,22.216772
fdf23cc5-6850-4507-996e-3e75cec90b5f/0018/theta,21.7888447448324
6662fdd2-4512-4fce-84b0-717edcd5f54c/0004/r,30.443684
6662fdd2-4512-4fce-84b0-717edcd5f54c/0004/theta,-12.629124789512066
d441b25e-dd7d-46c2-895d-2510bcbd207d/0024/r,29.13997
d441b25e-dd7d-46c2-895d-2510bcbd207d/0024/theta,29.965580096503775
0382f411-9b8a-47dc-bd88-eac8245a28ee/0027/r,15.292401
0382f411-9b8a-47dc-bd88-eac8245a28ee/0027/theta,-25.464232716466082
c6efa238-f063-407a-9f5c-81bb9983302e/0010/r,50
c6efa238-f063-407a-9f5c-81bb9983302e/0010/theta,0
c8f59cc1-94da-4419-9946-8b1e4a42bbcd/0009/r,50
c8f59cc1-94da-4419-9946-8b1e4a42bbcd/0009/theta,0
55bfa58c-415e-443e-aaa0-c6716f66f780/0037/r,50
55bfa58c-415e-443e-aaa0-c6716f66f780/0037/theta,0
4bdadb60-87ad-4a69-92a0-8d99e2fe3a51/0013/r,9.280133
4bdadb60-87ad-4a69-92a0-8d99e2fe3a51/0013/theta,5.005434123804852
eccfbc47-1e2f-4754-9fa7-4f56903cd13d/0040/r,17.428839
eccfbc47-1e2f-4754-9fa7-4f56903cd13d/0040/theta,-8.72330245698143
0213ada8-e776-4404-9312-c264153c57c1/0018/r,8.700077
0213ada8-e776-4404-9312-c264153c57c1/0018/theta,6.842982968101831
ee2d1ee9-dd1d-4e63-9881-19205c5dae27/0037/r,4.936704
ee2d1ee9-dd1d-4e63-9881-19205c5dae27/0037/theta,-1.8527805930329309
4b19b5e5-260b-4fbc-83c2-f24eeacdcc64/0014/r,50
4b19b5e5-260b-4fbc-83c2-f24eeacdcc64/0014/theta,0
c6efa238-f063-407a-9f5c-81bb9983302e/0014/r,50
c6efa238-f063-407a-9f5c-81bb9983302e/0014/theta,0
55bfa58c-415e-443e-aaa0-c6716f66f780/0012/r,29.39361
55bfa58c-415e-443e-aaa0-c6716f66f780/0012/theta,3.4985136063304454
f8b71ebf-da9e-408f-a080-6a972365160b/0010/r,7.5423446
f8b71ebf-da9e-408f-a080-6a972365160b/0010/theta,35.743076605972064
6662fdd2-4512-4fce-84b0-717edcd5f54c/0048/r,15.695768
6662fdd2-4512-4fce-84b0-717edcd5f54c/0048/theta,-18.651105359000024
0382f411-9b8a-47dc-bd88-eac8245a28ee/0039/r,50
0382f411-9b8a-47dc-bd88-eac8245a28ee/0039/theta,0
2b0b4d7d-2d10-46c6-b81d-6a7ec08ad6a9/0024/r,23.513515
2b0b4d7d-2d10-46c6-b81d-6a7ec08ad6a9/0024/theta,30.576366347937583
f14dd492-2b02-43e0-8716-e03e090cbc64/0006/r,50
f14dd492-2b02-43e0-8716-e03e090cbc64/0006/theta,0
58e8bf48-c131-42fb-b5f6-f63e6dc09483/0004/r,7.1591754
58e8bf48-c131-42fb-b5f6-f63e6dc09483/0004/theta,-31.07252494962565
21466ee9-c1b6-4699-afcc-84128f8d0b1e/0017/r,19.727928
21466ee9-c1b6-4699-afcc-84128f8d0b1e/0017/theta,1.7820386162518163
4b19b5e5-260b-4fbc-83c2-f24eeacdcc64/0013/r,9.664028
4b19b5e5-260b-4fbc-83c2-f24eeacdcc64/0013/theta,-33.37218817146641
a7300ae2-80c6-4a3f-ab9c-9f88f5299b67/0012/r,22.310472
a7300ae2-80c6-4a3f-ab9c-9f88f5299b67/0012/theta,26.859584014839037
6cc9eaa6-ab67-4102-b088-4ab6efa2af6e/0019/r,37.7236
6cc9eaa6-ab67-4102-b088-4ab6efa2af6e/0019/theta,1.4846767257817908
87e9e215-a030-476d-ac5f-f1f4d06ac0c9/0023/r,50
87e9e215-a030-476d-ac5f-f1f4d06ac0c9/0023/theta,0
6cd404eb-1c36-4bde-b9b1-24b39b2c715f/0021/r,50
6cd404eb-1c36-4bde-b9b1-24b39b2c715f/0021/theta,0
bc97d88d-8c86-4653-86a5-4597485ce018/0018/r,39.124405
bc97d88d-8c86-4653-86a5-4597485ce018/0018/theta,0.6075158714818385
05ccd11f-9082-4273-aefa-f8386f9ac125/0039/r,24.906178
05ccd11f-9082-4273-aefa-f8386f9ac125/0039/theta,-11.629341335599463
77d40a22-9c26-4258-a3cc-a92789bd692e/0003/r,11.692411
77d40a22-9c26-4258-a3cc-a92789bd692e/0003/theta,-4.703087262457775
f7641633-c393-4115-9278-0d9b4dbf391b/0024/r,50
f7641633-c393-4115-9278-0d9b4dbf391b/0024/theta,0
0213ada8-e776-4404-9312-c264153c57c1/0022/r,50
0213ada8-e776-4404-9312-c264153c57c1/0022/theta,0
77d40a22-9c26-4258-a3cc-a92789bd692e/0034/r,50
77d40a22-9c26-4258-a3cc-a92789bd692e/0034/theta,0
a7300ae2-80c6-4a3f-ab9c-9f88f5299b67/0011/r,11.53391
a7300ae2-80c6-4a3f-ab9c-9f88f5299b67/0011/theta,-19.405890781157915
6662fdd2-4512-4fce-84b0-717edcd5f54c/0016/r,25.519356
6662fdd2-4512-4fce-84b0-717edcd5f54c/0016/theta,-9.457669028615568
f7641633-c393-4115-9278-0d9b4dbf391b/0002/r,50
f7641633-c393-4115-9278-0d9b4dbf391b/0002/theta,0
ec1672b2-15ee-4dcb-a6a0-1f524a1977d4/0003/r,42.646233
ec1672b2-15ee-4dcb-a6a0-1f524a1977d4/0003/theta,-13.126724561115005
75aeccb7-a82d-4013-9962-e9c9039c264d/0012/r,8.577268
75aeccb7-a82d-4013-9962-e9c9039c264d/0012/theta,-24.788469167910655
f231aa86-53f9-4ddf-b163-0bb421b5c1b1/0027/r,10.848213
f231aa86-53f9-4ddf-b163-0bb421b5c1b1/0027/theta,-23.540071097077817
1d954255-b8d3-42f4-9e47-2cc32c4cb5ce/0007/r,50
1d954255-b8d3-42f4-9e47-2cc32c4cb5ce/0007/theta,0
0213ada8-e776-4404-9312-c264153c57c1/0050/r,10.659582
0213ada8-e776-4404-9312-c264153c57c1/0050/theta,-7.994492244237097
0382f411-9b8a-47dc-bd88-eac8245a28ee/0038/r,50
0382f411-9b8a-47dc-bd88-eac8245a28ee/0038/theta,0
55bfa58c-415e-443e-aaa0-c6716f66f780/0048/r,50
55bfa58c-415e-443e-aaa0-c6716f66f780/0048/theta,0
4b19b5e5-260b-4fbc-83c2-f24eeacdcc64/0012/r,20.257202
4b19b5e5-260b-4fbc-83c2-f24eeacdcc64/0012/theta,-21.093724440169154
2b0b4d7d-2d10-46c6-b81d-6a7ec08ad6a9/0004/r,50
2b0b4d7d-2d10-46c6-b81d-6a7ec08ad6a9/0004/theta,0
561f3498-8181-4eca-bfda-5f3d61ba76ef/0021/r,10.299873
561f3498-8181-4eca-bfda-5f3d61ba76ef/0021/theta,34.53372331152961
6cc9eaa6-ab67-4102-b088-4ab6efa2af6e/0005/r,12.963809
6cc9eaa6-ab67-4102-b088-4ab6efa2af6e/0005/theta,-0.6034254419426471
59f19071-a9b1-4de8-b7fd-2a862d2ae674/0005/r,27.354475
59f19071-a9b1-4de8-b7fd-2a862d2ae674/0005/theta,-0.5979784194404149
fdf23cc5-6850-4507-996e-3e75cec90b5f/0007/r,12.27717
fdf23cc5-6850-4507-996e-3e75cec90b5f/0007/theta,-6.879034022011247e-05
43125b79-258a-42c8-8572-fcad85e3c3be/0017/r,50
43125b79-258a-42c8-8572-fcad85e3c3be/0017/theta,0
c6efa238-f063-407a-9f5c-81bb9983302e/0000/r,8.634567
c6efa238-f063-407a-9f5c-81bb9983302e/0000/theta,-29.911853828492458
c8f59cc1-94da-4419-9946-8b1e4a42bbcd/0002/r,33.3976
c8f59cc1-94da-4419-9946-8b1e4a42bbcd/0002/theta,5.201295774670491
f7641633-c393-4115-9278-0d9b4dbf391b/0042/r,33.611355
f7641633-c393-4115-9278-0d9b4dbf391b/0042/theta,0.8017588208750378
0213ada8-e776-4404-9312-c264153c57c1/0016/r,9.928299
0213ada8-e776-4404-9312-c264153c57c1/0016/theta,6.144158139587501
9777f121-d32a-4eba-ad84-7b1b579d9f32/0009/r,26.6243
9777f121-d32a-4eba-ad84-7b1b579d9f32/0009/theta,-6.530252938555866
21466ee9-c1b6-4699-afcc-84128f8d0b1e/0010/r,5.102716
21466ee9-c1b6-4699-afcc-84128f8d0b1e/0010/theta,17.02163225135196
94df467e-76d8-42c3-b45d-dcebf6131998/0023/r,14.31133
94df467e-76d8-42c3-b45d-dcebf6131998/0023/theta,18.495850036523755
55bfa58c-415e-443e-aaa0-c6716f66f780/0033/r,50
55bfa58c-415e-443e-aaa0-c6716f66f780/0033/theta,0
f8b71ebf-da9e-408f-a080-6a972365160b/0000/r,6.3406596
f8b71ebf-da9e-408f-a080-6a972365160b/0000/theta,35.92680869464541
87e9e215-a030-476d-ac5f-f1f4d06ac0c9/0012/r,23.01918
87e9e215-a030-476d-ac5f-f1f4d06ac0c9/0012/theta,-25.915470871530268
bc97d88d-8c86-4653-86a5-4597485ce018/0006/r,50
bc97d88d-8c86-4653-86a5-4597485ce018/0006/theta,0
eccfbc47-1e2f-4754-9fa7-4f56903cd13d/0017/r,26.987562
eccfbc47-1e2f-4754-9fa7-4f56903cd13d/0017/theta,-13.27218368477418
f8e9737c-639e-433f-8f28-2d7660d63181/0045/r,14.328772
f8e9737c-639e-433f-8f28-2d7660d63181/0045/theta,-1.1677025874403084
05ccd11f-9082-4273-aefa-f8386f9ac125/0040/r,21.851122
05ccd11f-9082-4273-aefa-f8386f9ac125/0040/theta,-17.61195184093782
87e9e215-a030-476d-ac5f-f1f4d06ac0c9/0022/r,4.7526455
87e9e215-a030-476d-ac5f-f1f4d06ac0c9/0022/theta,-34.79842729281346
4b19b5e5-260b-4fbc-83c2-f24eeacdcc64/0001/r,50
4b19b5e5-260b-4fbc-83c2-f24eeacdcc64/0001/theta,0
9d602547-bdf8-45e3-9b16-81c6fe9338e4/0001/r,21.77462
9d602547-bdf8-45e3-9b16-81c6fe9338e4/0001/theta,-9.807154440519488
5d07a8d5-1fed-47ef-8bb7-a6074763e09e/0018/r,14.13544
5d07a8d5-1fed-47ef-8bb7-a6074763e09e/0018/theta,-21.356398147722214
94835623-ca6c-4ac4-82d4-0e63c1b7c16a/0021/r,6.2610435
94835623-ca6c-4ac4-82d4-0e63c1b7c16a/0021/theta,2.8371286731949508
030a2430-5503-47c8-87df-8df226c188b2/0014/r,6.7171645
030a2430-5503-47c8-87df-8df226c188b2/0014/theta,35.40819584606093
75aeccb7-a82d-4013-9962-e9c9039c264d/0031/r,10.5727825
75aeccb7-a82d-4013-9962-e9c9039c264d/0031/theta,5.248369865317042
f8b71ebf-da9e-408f-a080-6a972365160b/0004/r,20.972403
f8b71ebf-da9e-408f-a080-6a972365160b/0004/theta,-0.09676164912534425
c6efa238-f063-407a-9f5c-81bb9983302e/0009/r,50
c6efa238-f063-407a-9f5c-81bb9983302e/0009/theta,0
55bfa58c-415e-443e-aaa0-c6716f66f780/0020/r,17.255259
55bfa58c-415e-443e-aaa0-c6716f66f780/0020/theta,-13.702494140221447
75aeccb7-a82d-4013-9962-e9c9039c264d/0023/r,30.181194
75aeccb7-a82d-4013-9962-e9c9039c264d/0023/theta,20.58755448870514
030a2430-5503-47c8-87df-8df226c188b2/0070/r,22.986464
030a2430-5503-47c8-87df-8df226c188b2/0070/theta,-0.6008519547294333
030a2430-5503-47c8-87df-8df226c188b2/0017/r,50
030a2430-5503-47c8-87df-8df226c188b2/0017/theta,0
eccfbc47-1e2f-4754-9fa7-4f56903cd13d/0015/r,7.431619
eccfbc47-1e2f-4754-9fa7-4f56903cd13d/0015/theta,-30.561920497843005
0382f411-9b8a-47dc-bd88-eac8245a28ee/0021/r,50
0382f411-9b8a-47dc-bd88-eac8245a28ee/0021/theta,0
030a2430-5503-47c8-87df-8df226c188b2/0069/r,14.023984
030a2430-5503-47c8-87df-8df226c188b2/0069/theta,-1.2031566053179636
55bfa58c-415e-443e-aaa0-c6716f66f780/0022/r,6.915286
55bfa58c-415e-443e-aaa0-c6716f66f780/0022/theta,-30.185157017941346
030a2430-5503-47c8-87df-8df226c188b2/0068/r,12.026262
030a2430-5503-47c8-87df-8df226c188b2/0068/theta,0.2583438478669458
030a2430-5503-47c8-87df-8df226c188b2/0055/r,12.241317
030a2430-5503-47c8-87df-8df226c188b2/0055/theta,0.5110008161979155
f7641633-c393-4115-9278-0d9b4dbf391b/0025/r,50
f7641633-c393-4115-9278-0d9b4dbf391b/0025/theta,0
05ccd11f-9082-4273-aefa-f8386f9ac125/0012/r,40.383747
05ccd11f-9082-4273-aefa-f8386f9ac125/0012/theta,-7.345275079664569
ec1672b2-15ee-4dcb-a6a0-1f524a1977d4/0032/r,20.013216
ec1672b2-15ee-4dcb-a6a0-1f524a1977d4/0032/theta,-1.231255576676573
87e9e215-a030-476d-ac5f-f1f4d06ac0c9/0061/r,9.792218
87e9e215-a030-476d-ac5f-f1f4d06ac0c9/0061/theta,4.921962808844949
0382f411-9b8a-47dc-bd88-eac8245a28ee/0032/r,33.02647
0382f411-9b8a-47dc-bd88-eac8245a28ee/0032/theta,-30.30899176268826
f8b71ebf-da9e-408f-a080-6a972365160b/0005/r,7.7165976
f8b71ebf-da9e-408f-a080-6a972365160b/0005/theta,-32.55483309386933
94df467e-76d8-42c3-b45d-dcebf6131998/0000/r,4.0654187
94df467e-76d8-42c3-b45d-dcebf6131998/0000/theta,-3.5783903207962173
21466ee9-c1b6-4699-afcc-84128f8d0b1e/0024/r,19.929361
21466ee9-c1b6-4699-afcc-84128f8d0b1e/0024/theta,2.1997258148958405
d441b25e-dd7d-46c2-895d-2510bcbd207d/0002/r,3.5519466
d441b25e-dd7d-46c2-895d-2510bcbd207d/0002/theta,3.2314167109595693
87e9e215-a030-476d-ac5f-f1f4d06ac0c9/0047/r,19.431414
87e9e215-a030-476d-ac5f-f1f4d06ac0c9/0047/theta,3.3586321859022306
f7641633-c393-4115-9278-0d9b4dbf391b/0022/r,50
f7641633-c393-4115-9278-0d9b4dbf391b/0022/theta,0
5d07a8d5-1fed-47ef-8bb7-a6074763e09e/0033/r,50
5d07a8d5-1fed-47ef-8bb7-a6074763e09e/0033/theta,0
8cfc1ad6-6b03-40bc-8f6e-4215a6741bc3/0006/r,50
8cfc1ad6-6b03-40bc-8f6e-4215a6741bc3/0006/theta,0
6662fdd2-4512-4fce-84b0-717edcd5f54c/0056/r,21.509706
6662fdd2-4512-4fce-84b0-717edcd5f54c/0056/theta,37.56605409544847
b89ca3c0-b361-43f8-b261-ab7eabe8eabf/0023/r,50
b89ca3c0-b361-43f8-b261-ab7eabe8eabf/0023/theta,0
561f3498-8181-4eca-bfda-5f3d61ba76ef/0010/r,12.848032
561f3498-8181-4eca-bfda-5f3d61ba76ef/0010/theta,-19.468318710171832
cfb2daae-611b-4b73-9084-6dbf68c8343d/0010/r,11.437175
cfb2daae-611b-4b73-9084-6dbf68c8343d/0010/theta,-25.61819030300005
bc97d88d-8c86-4653-86a5-4597485ce018/0007/r,50
bc97d88d-8c86-4653-86a5-4597485ce018/0007/theta,0
55bfa58c-415e-443e-aaa0-c6716f66f780/0044/r,16.480206
55bfa58c-415e-443e-aaa0-c6716f66f780/0044/theta,-7.969453624513476
ee2d1ee9-dd1d-4e63-9881-19205c5dae27/0030/r,6.6481476
ee2d1ee9-dd1d-4e63-9881-19205c5dae27/0030/theta,-0.5935145172918412
05ccd11f-9082-4273-aefa-f8386f9ac125/0041/r,19.58284
05ccd11f-9082-4273-aefa-f8386f9ac125/0041/theta,-12.365045770537277
58e8bf48-c131-42fb-b5f6-f63e6dc09483/0011/r,50
58e8bf48-c131-42fb-b5f6-f63e6dc09483/0011/theta,0
aa3e1716-992d-48a6-9b2b-1abef589b301/0023/r,21.5885
aa3e1716-992d-48a6-9b2b-1abef589b301/0023/theta,28.34070370616713
f8b71ebf-da9e-408f-a080-6a972365160b/0032/r,4.651176
f8b71ebf-da9e-408f-a080-6a972365160b/0032/theta,9.990441713123134
6662fdd2-4512-4fce-84b0-717edcd5f54c/0057/r,21.70254
6662fdd2-4512-4fce-84b0-717edcd5f54c/0057/theta,37.5150496578214
a7300ae2-80c6-4a3f-ab9c-9f88f5299b67/0013/r,50
a7300ae2-80c6-4a3f-ab9c-9f88f5299b67/0013/theta,0
55bfa58c-415e-443e-aaa0-c6716f66f780/0018/r,50
55bfa58c-415e-443e-aaa0-c6716f66f780/0018/theta,0
6662fdd2-4512-4fce-84b0-717edcd5f54c/0007/r,30.36378
6662fdd2-4512-4fce-84b0-717edcd5f54c/0007/theta,-12.706192375238258
94df467e-76d8-42c3-b45d-dcebf6131998/0014/r,6.4622564
94df467e-76d8-42c3-b45d-dcebf6131998/0014/theta,-4.998325177539338
55bfa58c-415e-443e-aaa0-c6716f66f780/0031/r,8.801186
55bfa58c-415e-443e-aaa0-c6716f66f780/0031/theta,-33.049157789765246
0213ada8-e776-4404-9312-c264153c57c1/0021/r,30.440136
0213ada8-e776-4404-9312-c264153c57c1/0021/theta,4.574361675378307
f8b71ebf-da9e-408f-a080-6a972365160b/0016/r,15.895676
f8b71ebf-da9e-408f-a080-6a972365160b/0016/theta,25.880520793547312
87e9e215-a030-476d-ac5f-f1f4d06ac0c9/0064/r,9.766493
87e9e215-a030-476d-ac5f-f1f4d06ac0c9/0064/theta,3.551988224559533
fdf23cc5-6850-4507-996e-3e75cec90b5f/0024/r,44.95199
fdf23cc5-6850-4507-996e-3e75cec90b5f/0024/theta,-8.688375430886923
2b0b4d7d-2d10-46c6-b81d-6a7ec08ad6a9/0021/r,26.724884
2b0b4d7d-2d10-46c6-b81d-6a7ec08ad6a9/0021/theta,28.25244741680681
7363cba9-9fbb-4fd2-8c07-e46bed2e1f33/0016/r,7.8424783
7363cba9-9fbb-4fd2-8c07-e46bed2e1f33/0016/theta,5.32846578616649
fdf23cc5-6850-4507-996e-3e75cec90b5f/0038/r,50
fdf23cc5-6850-4507-996e-3e75cec90b5f/0038/theta,0
6d479b33-7b8d-4ec8-8fdf-6d58127c633b/0008/r,31.588388
6d479b33-7b8d-4ec8-8fdf-6d58127c633b/0008/theta,-26.267927415723143
f231aa86-53f9-4ddf-b163-0bb421b5c1b1/0006/r,17.718641
f231aa86-53f9-4ddf-b163-0bb421b5c1b1/0006/theta,-1.1516864341668631
5d07a8d5-1fed-47ef-8bb7-a6074763e09e/0002/r,7.280517
5d07a8d5-1fed-47ef-8bb7-a6074763e09e/0002/theta,0.9696310502130525
6cd404eb-1c36-4bde-b9b1-24b39b2c715f/0008/r,50
6cd404eb-1c36-4bde-b9b1-24b39b2c715f/0008/theta,0
21466ee9-c1b6-4699-afcc-84128f8d0b1e/0037/r,9.241255
21466ee9-c1b6-4699-afcc-84128f8d0b1e/0037/theta,11.194880686457768
ee2d1ee9-dd1d-4e63-9881-19205c5dae27/0043/r,5.2098927
ee2d1ee9-dd1d-4e63-9881-19205c5dae27/0043/theta,-4.154996171189163
6cc9eaa6-ab67-4102-b088-4ab6efa2af6e/0043/r,50
6cc9eaa6-ab67-4102-b088-4ab6efa2af6e/0043/theta,0
77d40a22-9c26-4258-a3cc-a92789bd692e/0027/r,27.346863
77d40a22-9c26-4258-a3cc-a92789bd692e/0027/theta,-18.88932869687173
eccfbc47-1e2f-4754-9fa7-4f56903cd13d/0041/r,50
eccfbc47-1e2f-4754-9fa7-4f56903cd13d/0041/theta,0
aa3e1716-992d-48a6-9b2b-1abef589b301/0028/r,29.013695
aa3e1716-992d-48a6-9b2b-1abef589b301/0028/theta,-20.859647027123646
eccfbc47-1e2f-4754-9fa7-4f56903cd13d/0028/r,17.438805
eccfbc47-1e2f-4754-9fa7-4f56903cd13d/0028/theta,-16.21820563701982
fdf23cc5-6850-4507-996e-3e75cec90b5f/0026/r,5.678811
fdf23cc5-6850-4507-996e-3e75cec90b5f/0026/theta,-33.5497150332788
ee2d1ee9-dd1d-4e63-9881-19205c5dae27/0065/r,6.151588
ee2d1ee9-dd1d-4e63-9881-19205c5dae27/0065/theta,-2.375877247364116
33258271-d00b-47bb-a09a-4db79a4717e0/0025/r,29.405281
33258271-d00b-47bb-a09a-4db79a4717e0/0025/theta,-11.106717458424889
6cc9eaa6-ab67-4102-b088-4ab6efa2af6e/0002/r,13.963229
6cc9eaa6-ab67-4102-b088-4ab6efa2af6e/0002/theta,33.68327596740381
6cc9eaa6-ab67-4102-b088-4ab6efa2af6e/0012/r,50
6cc9eaa6-ab67-4102-b088-4ab6efa2af6e/0012/theta,0
f8b71ebf-da9e-408f-a080-6a972365160b/0030/r,5.6429267
f8b71ebf-da9e-408f-a080-6a972365160b/0030/theta,-2.623805643716174
21466ee9-c1b6-4699-afcc-84128f8d0b1e/0003/r,50
21466ee9-c1b6-4699-afcc-84128f8d0b1e/0003/theta,0
6662fdd2-4512-4fce-84b0-717edcd5f54c/0031/r,24.76778
6662fdd2-4512-4fce-84b0-717edcd5f54c/0031/theta,-7.723743545537792
43125b79-258a-42c8-8572-fcad85e3c3be/0003/r,36.26112
43125b79-258a-42c8-8572-fcad85e3c3be/0003/theta,-24.966545859951225
f8b71ebf-da9e-408f-a080-6a972365160b/0012/r,10.146924
f8b71ebf-da9e-408f-a080-6a972365160b/0012/theta,36.390523897775914
ee2d1ee9-dd1d-4e63-9881-19205c5dae27/0078/r,5.7672224
ee2d1ee9-dd1d-4e63-9881-19205c5dae27/0078/theta,0.7948351434907605
59f19071-a9b1-4de8-b7fd-2a862d2ae674/0011/r,50
59f19071-a9b1-4de8-b7fd-2a862d2ae674/0011/theta,0
ee2d1ee9-dd1d-4e63-9881-19205c5dae27/0059/r,6.241694
ee2d1ee9-dd1d-4e63-9881-19205c5dae27/0059/theta,-2.172807825933409
21466ee9-c1b6-4699-afcc-84128f8d0b1e/0034/r,22.789177
21466ee9-c1b6-4699-afcc-84128f8d0b1e/0034/theta,1.9570957243490084
0213ada8-e776-4404-9312-c264153c57c1/0044/r,31.235313
0213ada8-e776-4404-9312-c264153c57c1/0044/theta,-32.60958389025615
4bdadb60-87ad-4a69-92a0-8d99e2fe3a51/0005/r,7.1522527
4bdadb60-87ad-4a69-92a0-8d99e2fe3a51/0005/theta,6.8088947746147666
d441b25e-dd7d-46c2-895d-2510bcbd207d/0040/r,21.360125
d441b25e-dd7d-46c2-895d-2510bcbd207d/0040/theta,-20.393269757764127
4819ef9e-e93e-479b-a613-dca8f9be3d45/0001/r,27.064579
4819ef9e-e93e-479b-a613-dca8f9be3d45/0001/theta,-35.06940821794454
43125b79-258a-42c8-8572-fcad85e3c3be/0009/r,9.56384
43125b79-258a-42c8-8572-fcad85e3c3be/0009/theta,-4.47437453611849
7363cba9-9fbb-4fd2-8c07-e46bed2e1f33/0018/r,8.234799
7363cba9-9fbb-4fd2-8c07-e46bed2e1f33/0018/theta,8.031055954411467
8cfc1ad6-6b03-40bc-8f6e-4215a6741bc3/0016/r,23.246157
8cfc1ad6-6b03-40bc-8f6e-4215a6741bc3/0016/theta,35.6848731489598
ee2d1ee9-dd1d-4e63-9881-19205c5dae27/0000/r,5.5099707
ee2d1ee9-dd1d-4e63-9881-19205c5dae27/0000/theta,-24.23158676940659
0213ada8-e776-4404-9312-c264153c57c1/0013/r,10.224018
0213ada8-e776-4404-9312-c264153c57c1/0013/theta,5.437291190212303
94835623-ca6c-4ac4-82d4-0e63c1b7c16a/0015/r,50
94835623-ca6c-4ac4-82d4-0e63c1b7c16a/0015/theta,0
f8b71ebf-da9e-408f-a080-6a972365160b/0017/r,16.42432
f8b71ebf-da9e-408f-a080-6a972365160b/0017/theta,30.280308383268792
a7300ae2-80c6-4a3f-ab9c-9f88f5299b67/0005/r,18.2831
a7300ae2-80c6-4a3f-ab9c-9f88f5299b67/0005/theta,-7.818903448601702
6662fdd2-4512-4fce-84b0-717edcd5f54c/0053/r,25.078627
6662fdd2-4512-4fce-84b0-717edcd5f54c/0053/theta,33.856025111891775
f8e9737c-639e-433f-8f28-2d7660d63181/0035/r,50
f8e9737c-639e-433f-8f28-2d7660d63181/0035/theta,0
268e7603-8bb4-4909-ad83-2962513382d4/0019/r,50
268e7603-8bb4-4909-ad83-2962513382d4/0019/theta,0
6cd404eb-1c36-4bde-b9b1-24b39b2c715f/0000/r,5.274516
6cd404eb-1c36-4bde-b9b1-24b39b2c715f/0000/theta,15.814748070294462
d441b25e-dd7d-46c2-895d-2510bcbd207d/0054/r,9.300903
d441b25e-dd7d-46c2-895d-2510bcbd207d/0054/theta,-33.23386318039531
030a2430-5503-47c8-87df-8df226c188b2/0051/r,28.092249
030a2430-5503-47c8-87df-8df226c188b2/0051/theta,0.8033847260626181
f7641633-c393-4115-9278-0d9b4dbf391b/0028/r,14.65842
f7641633-c393-4115-9278-0d9b4dbf391b/0028/theta,-35.09589569154585
ec1672b2-15ee-4dcb-a6a0-1f524a1977d4/0023/r,10.799326
ec1672b2-15ee-4dcb-a6a0-1f524a1977d4/0023/theta,20.581485865627585
05ccd11f-9082-4273-aefa-f8386f9ac125/0001/r,50
05ccd11f-9082-4273-aefa-f8386f9ac125/0001/theta,0
f7641633-c393-4115-9278-0d9b4dbf391b/0044/r,23.843422
f7641633-c393-4115-9278-0d9b4dbf391b/0044/theta,4.88982548813957
05ccd11f-9082-4273-aefa-f8386f9ac125/0013/r,26.674578
05ccd11f-9082-4273-aefa-f8386f9ac125/0013/theta,-18.79009117087332
268e7603-8bb4-4909-ad83-2962513382d4/0008/r,50
268e7603-8bb4-4909-ad83-2962513382d4/0008/theta,0
55bfa58c-415e-443e-aaa0-c6716f66f780/0054/r,27.775875
55bfa58c-415e-443e-aaa0-c6716f66f780/0054/theta,-7.197251219972053
f8e9737c-639e-433f-8f28-2d7660d63181/0010/r,20.491688
f8e9737c-639e-433f-8f28-2d7660d63181/0010/theta,14.649487062039022
ee2d1ee9-dd1d-4e63-9881-19205c5dae27/0026/r,34.051956
ee2d1ee9-dd1d-4e63-9881-19205c5dae27/0026/theta,0.2003654402517488
030a2430-5503-47c8-87df-8df226c188b2/0007/r,50
030a2430-5503-47c8-87df-8df226c188b2/0007/theta,0
aa3e1716-992d-48a6-9b2b-1abef589b301/0019/r,13.918792
aa3e1716-992d-48a6-9b2b-1abef589b301/0019/theta,19.49643518389019
030a2430-5503-47c8-87df-8df226c188b2/0044/r,17.838486
030a2430-5503-47c8-87df-8df226c188b2/0044/theta,18.519924745800758
1d954255-b8d3-42f4-9e47-2cc32c4cb5ce/0023/r,50
1d954255-b8d3-42f4-9e47-2cc32c4cb5ce/0023/theta,0
21466ee9-c1b6-4699-afcc-84128f8d0b1e/0029/r,15.993111
21466ee9-c1b6-4699-afcc-84128f8d0b1e/0029/theta,2.2950948925030823
ee2d1ee9-dd1d-4e63-9881-19205c5dae27/0075/r,5.8439894
ee2d1ee9-dd1d-4e63-9881-19205c5dae27/0075/theta,-0.8583350920392517
4bdadb60-87ad-4a69-92a0-8d99e2fe3a51/0008/r,9.268914
4bdadb60-87ad-4a69-92a0-8d99e2fe3a51/0008/theta,4.978182095903324
1d954255-b8d3-42f4-9e47-2cc32c4cb5ce/0025/r,50
1d954255-b8d3-42f4-9e47-2cc32c4cb5ce/0025/theta,0
87e9e215-a030-476d-ac5f-f1f4d06ac0c9/0065/r,9.725935
87e9e215-a030-476d-ac5f-f1f4d06ac0c9/0065/theta,2.9436273306113168
6cc9eaa6-ab67-4102-b088-4ab6efa2af6e/0042/r,22.620504
6cc9eaa6-ab67-4102-b088-4ab6efa2af6e/0042/theta,-36.87512581938832
33258271-d00b-47bb-a09a-4db79a4717e0/0003/r,50
33258271-d00b-47bb-a09a-4db79a4717e0/0003/theta,0
561f3498-8181-4eca-bfda-5f3d61ba76ef/0031/r,50
561f3498-8181-4eca-bfda-5f3d61ba76ef/0031/theta,0
1d954255-b8d3-42f4-9e47-2cc32c4cb5ce/0005/r,50
1d954255-b8d3-42f4-9e47-2cc32c4cb5ce/0005/theta,0
21466ee9-c1b6-4699-afcc-84128f8d0b1e/0038/r,6.229918
21466ee9-c1b6-4699-afcc-84128f8d0b1e/0038/theta,-6.664625384531642
9777f121-d32a-4eba-ad84-7b1b579d9f32/0014/r,9.133772
9777f121-d32a-4eba-ad84-7b1b579d9f32/0014/theta,-27.759545107805547
f8e9737c-639e-433f-8f28-2d7660d63181/0015/r,26.695919
f8e9737c-639e-433f-8f28-2d7660d63181/0015/theta,-8.616046288897428
33258271-d00b-47bb-a09a-4db79a4717e0/0002/r,50
33258271-d00b-47bb-a09a-4db79a4717e0/0002/theta,0
9777f121-d32a-4eba-ad84-7b1b579d9f32/0033/r,18.393768
9777f121-d32a-4eba-ad84-7b1b579d9f32/0033/theta,-21.06911014594772
ec1672b2-15ee-4dcb-a6a0-1f524a1977d4/0005/r,13.036753
ec1672b2-15ee-4dcb-a6a0-1f524a1977d4/0005/theta,-5.006340831417171
87e9e215-a030-476d-ac5f-f1f4d06ac0c9/0003/r,28.265251
87e9e215-a030-476d-ac5f-f1f4d06ac0c9/0003/theta,-2.59012448681496
fdf23cc5-6850-4507-996e-3e75cec90b5f/0041/r,6.4046493
fdf23cc5-6850-4507-996e-3e75cec90b5f/0041/theta,4.6019539320778655
6cc9eaa6-ab67-4102-b088-4ab6efa2af6e/0011/r,50
6cc9eaa6-ab67-4102-b088-4ab6efa2af6e/0011/theta,0
0213ada8-e776-4404-9312-c264153c57c1/0004/r,3.2748864
0213ada8-e776-4404-9312-c264153c57c1/0004/theta,29.23506745910882
77d40a22-9c26-4258-a3cc-a92789bd692e/0025/r,31.671062
77d40a22-9c26-4258-a3cc-a92789bd692e/0025/theta,-18.447586212301154
8cfc1ad6-6b03-40bc-8f6e-4215a6741bc3/0018/r,50
8cfc1ad6-6b03-40bc-8f6e-4215a6741bc3/0018/theta,0
f8e9737c-639e-433f-8f28-2d7660d63181/0027/r,50
f8e9737c-639e-433f-8f28-2d7660d63181/0027/theta,0
43125b79-258a-42c8-8572-fcad85e3c3be/0006/r,22.558851
43125b79-258a-42c8-8572-fcad85e3c3be/0006/theta,-7.799498881169695
55bfa58c-415e-443e-aaa0-c6716f66f780/0003/r,43.072052
55bfa58c-415e-443e-aaa0-c6716f66f780/0003/theta,-6.19008347779302
2b0b4d7d-2d10-46c6-b81d-6a7ec08ad6a9/0010/r,21.175486
2b0b4d7d-2d10-46c6-b81d-6a7ec08ad6a9/0010/theta,14.73695104945562
0213ada8-e776-4404-9312-c264153c57c1/0006/r,5.206665
0213ada8-e776-4404-9312-c264153c57c1/0006/theta,3.3788621390067504
43125b79-258a-42c8-8572-fcad85e3c3be/0008/r,9.147027
43125b79-258a-42c8-8572-fcad85e3c3be/0008/theta,-19.95924026431379
aa3e1716-992d-48a6-9b2b-1abef589b301/0022/r,50
aa3e1716-992d-48a6-9b2b-1abef589b301/0022/theta,0
9777f121-d32a-4eba-ad84-7b1b579d9f32/0004/r,32.914127
9777f121-d32a-4eba-ad84-7b1b579d9f32/0004/theta,16.749493609156556
43125b79-258a-42c8-8572-fcad85e3c3be/0018/r,50
43125b79-258a-42c8-8572-fcad85e3c3be/0018/theta,0
aa3e1716-992d-48a6-9b2b-1abef589b301/0011/r,27.493597
aa3e1716-992d-48a6-9b2b-1abef589b301/0011/theta,-1.4977828983036932
eccfbc47-1e2f-4754-9fa7-4f56903cd13d/0011/r,45.534172
eccfbc47-1e2f-4754-9fa7-4f56903cd13d/0011/theta,-1.3895113799108858
94835623-ca6c-4ac4-82d4-0e63c1b7c16a/0006/r,5.117975
94835623-ca6c-4ac4-82d4-0e63c1b7c16a/0006/theta,8.581570909061789
ee2d1ee9-dd1d-4e63-9881-19205c5dae27/0045/r,5.6585264
ee2d1ee9-dd1d-4e63-9881-19205c5dae27/0045/theta,-3.1738960594208954
ee2d1ee9-dd1d-4e63-9881-19205c5dae27/0066/r,5.9700947
ee2d1ee9-dd1d-4e63-9881-19205c5dae27/0066/theta,0.7127816797530172
0382f411-9b8a-47dc-bd88-eac8245a28ee/0064/r,50
0382f411-9b8a-47dc-bd88-eac8245a28ee/0064/theta,0
f8e9737c-639e-433f-8f28-2d7660d63181/0042/r,50
f8e9737c-639e-433f-8f28-2d7660d63181/0042/theta,0
f8e9737c-639e-433f-8f28-2d7660d63181/0026/r,21.542402
f8e9737c-639e-433f-8f28-2d7660d63181/0026/theta,-9.169816682460905
ee2d1ee9-dd1d-4e63-9881-19205c5dae27/0060/r,6.2282505
ee2d1ee9-dd1d-4e63-9881-19205c5dae27/0060/theta,-1.5669117765019211
94835623-ca6c-4ac4-82d4-0e63c1b7c16a/0001/r,6.1808314
94835623-ca6c-4ac4-82d4-0e63c1b7c16a/0001/theta,8.72191763612721
f8e9737c-639e-433f-8f28-2d7660d63181/0020/r,31.387754
f8e9737c-639e-433f-8f28-2d7660d63181/0020/theta,28.78068229438455
fdf23cc5-6850-4507-996e-3e75cec90b5f/0012/r,18.689632
fdf23cc5-6850-4507-996e-3e75cec90b5f/0012/theta,0.20777861007980591
33258271-d00b-47bb-a09a-4db79a4717e0/0017/r,50
33258271-d00b-47bb-a09a-4db79a4717e0/0017/theta,0
c8f59cc1-94da-4419-9946-8b1e4a42bbcd/0001/r,34.167694
c8f59cc1-94da-4419-9946-8b1e4a42bbcd/0001/theta,-33.81118833508523
05ccd11f-9082-4273-aefa-f8386f9ac125/0052/r,50
05ccd11f-9082-4273-aefa-f8386f9ac125/0052/theta,0
fdf23cc5-6850-4507-996e-3e75cec90b5f/0002/r,19.775023
fdf23cc5-6850-4507-996e-3e75cec90b5f/0002/theta,-3.6091022663991796
030a2430-5503-47c8-87df-8df226c188b2/0067/r,12.435996
030a2430-5503-47c8-87df-8df226c188b2/0067/theta,0.5688143654581067
f8b71ebf-da9e-408f-a080-6a972365160b/0018/r,17.180796
f8b71ebf-da9e-408f-a080-6a972365160b/0018/theta,30.201850000272856
6662fdd2-4512-4fce-84b0-717edcd5f54c/0039/r,50
6662fdd2-4512-4fce-84b0-717edcd5f54c/0039/theta,0
0213ada8-e776-4404-9312-c264153c57c1/0017/r,10.7863035
0213ada8-e776-4404-9312-c264153c57c1/0017/theta,6.918351971158806
6cd404eb-1c36-4bde-b9b1-24b39b2c715f/0004/r,5.492396
6cd404eb-1c36-4bde-b9b1-24b39b2c715f/0004/theta,6.122080833755904
f8e9737c-639e-433f-8f28-2d7660d63181/0034/r,50
f8e9737c-639e-433f-8f28-2d7660d63181/0034/theta,0
561f3498-8181-4eca-bfda-5f3d61ba76ef/0007/r,14.278777
561f3498-8181-4eca-bfda-5f3d61ba76ef/0007/theta,-36.222671998922856
eccfbc47-1e2f-4754-9fa7-4f56903cd13d/0035/r,7.4996595
eccfbc47-1e2f-4754-9fa7-4f56903cd13d/0035/theta,-36.280124135126414
6d479b33-7b8d-4ec8-8fdf-6d58127c633b/0002/r,22.966957
6d479b33-7b8d-4ec8-8fdf-6d58127c633b/0002/theta,3.9875263360427975
05ccd11f-9082-4273-aefa-f8386f9ac125/0045/r,50
05ccd11f-9082-4273-aefa-f8386f9ac125/0045/theta,0
8cfc1ad6-6b03-40bc-8f6e-4215a6741bc3/0021/r,15.27329
8cfc1ad6-6b03-40bc-8f6e-4215a6741bc3/0021/theta,34.452901683080846
c6efa238-f063-407a-9f5c-81bb9983302e/0007/r,50
c6efa238-f063-407a-9f5c-81bb9983302e/0007/theta,0
5d07a8d5-1fed-47ef-8bb7-a6074763e09e/0031/r,28.72216
5d07a8d5-1fed-47ef-8bb7-a6074763e09e/0031/theta,-19.63490019383927
58e8bf48-c131-42fb-b5f6-f63e6dc09483/0002/r,10.915492
58e8bf48-c131-42fb-b5f6-f63e6dc09483/0002/theta,-22.98329456650589
cfb2daae-611b-4b73-9084-6dbf68c8343d/0015/r,15.379461
cfb2daae-611b-4b73-9084-6dbf68c8343d/0015/theta,-24.00981394215086
561f3498-8181-4eca-bfda-5f3d61ba76ef/0028/r,38.402275
561f3498-8181-4eca-bfda-5f3d61ba76ef/0028/theta,-16.804334905549883
d441b25e-dd7d-46c2-895d-2510bcbd207d/0009/r,12.703332
d441b25e-dd7d-46c2-895d-2510bcbd207d/0009/theta,-30.27722113776395
f8e9737c-639e-433f-8f28-2d7660d63181/0008/r,50
f8e9737c-639e-433f-8f28-2d7660d63181/0008/theta,0
87e9e215-a030-476d-ac5f-f1f4d06ac0c9/0008/r,40.041237
87e9e215-a030-476d-ac5f-f1f4d06ac0c9/0008/theta,-14.778352241109651
f8b71ebf-da9e-408f-a080-6a972365160b/0041/r,4.791975
f8b71ebf-da9e-408f-a080-6a972365160b/0041/theta,10.45540513332446
fdf23cc5-6850-4507-996e-3e75cec90b5f/0022/r,50
fdf23cc5-6850-4507-996e-3e75cec90b5f/0022/theta,0
2b0b4d7d-2d10-46c6-b81d-6a7ec08ad6a9/0012/r,16.74342
2b0b4d7d-2d10-46c6-b81d-6a7ec08ad6a9/0012/theta,-15.7405090366583
b89ca3c0-b361-43f8-b261-ab7eabe8eabf/0005/r,62.75977
b89ca3c0-b361-43f8-b261-ab7eabe8eabf/0005/theta,15.377433255853347
fdf23cc5-6850-4507-996e-3e75cec90b5f/0021/r,39.293037
fdf23cc5-6850-4507-996e-3e75cec90b5f/0021/theta,2.399205545030883
aa3e1716-992d-48a6-9b2b-1abef589b301/0026/r,11.992326
aa3e1716-992d-48a6-9b2b-1abef589b301/0026/theta,-33.16618283590966
1d954255-b8d3-42f4-9e47-2cc32c4cb5ce/0009/r,7.2727365
1d954255-b8d3-42f4-9e47-2cc32c4cb5ce/0009/theta,-10.617833008202886
05ccd11f-9082-4273-aefa-f8386f9ac125/0031/r,16.153187
05ccd11f-9082-4273-aefa-f8386f9ac125/0031/theta,-33.73717299014438
aa3e1716-992d-48a6-9b2b-1abef589b301/0006/r,19.340696
aa3e1716-992d-48a6-9b2b-1abef589b301/0006/theta,25.926470891188572
21466ee9-c1b6-4699-afcc-84128f8d0b1e/0033/r,15.716662
21466ee9-c1b6-4699-afcc-84128f8d0b1e/0033/theta,2.1713357067238594
eccfbc47-1e2f-4754-9fa7-4f56903cd13d/0003/r,18.59766
eccfbc47-1e2f-4754-9fa7-4f56903cd13d/0003/theta,-34.4862808175547
4bdadb60-87ad-4a69-92a0-8d99e2fe3a51/0009/r,9.286851
4bdadb60-87ad-4a69-92a0-8d99e2fe3a51/0009/theta,5.18007010805103
bc97d88d-8c86-4653-86a5-4597485ce018/0003/r,50
bc97d88d-8c86-4653-86a5-4597485ce018/0003/theta,0
561f3498-8181-4eca-bfda-5f3d61ba76ef/0030/r,36.331444
561f3498-8181-4eca-bfda-5f3d61ba76ef/0030/theta,-29.984981248841198
9777f121-d32a-4eba-ad84-7b1b579d9f32/0008/r,50
9777f121-d32a-4eba-ad84-7b1b579d9f32/0008/theta,0
0382f411-9b8a-47dc-bd88-eac8245a28ee/0062/r,50
0382f411-9b8a-47dc-bd88-eac8245a28ee/0062/theta,0
1d954255-b8d3-42f4-9e47-2cc32c4cb5ce/0033/r,30.854425
1d954255-b8d3-42f4-9e47-2cc32c4cb5ce/0033/theta,-1.4500998536039533
87e9e215-a030-476d-ac5f-f1f4d06ac0c9/0045/r,50
87e9e215-a030-476d-ac5f-f1f4d06ac0c9/0045/theta,0
05ccd11f-9082-4273-aefa-f8386f9ac125/0000/r,50
05ccd11f-9082-4273-aefa-f8386f9ac125/0000/theta,0
94835623-ca6c-4ac4-82d4-0e63c1b7c16a/0024/r,5.713114
94835623-ca6c-4ac4-82d4-0e63c1b7c16a/0024/theta,3.1493914751130054
0382f411-9b8a-47dc-bd88-eac8245a28ee/0053/r,13.871913
0382f411-9b8a-47dc-bd88-eac8245a28ee/0053/theta,-5.667237619470421
ee2d1ee9-dd1d-4e63-9881-19205c5dae27/0017/r,50
ee2d1ee9-dd1d-4e63-9881-19205c5dae27/0017/theta,0
6cc9eaa6-ab67-4102-b088-4ab6efa2af6e/0004/r,16.297247
6cc9eaa6-ab67-4102-b088-4ab6efa2af6e/0004/theta,-18.412757370175967
9777f121-d32a-4eba-ad84-7b1b579d9f32/0029/r,31.737778
9777f121-d32a-4eba-ad84-7b1b579d9f32/0029/theta,-9.60390167119825
21466ee9-c1b6-4699-afcc-84128f8d0b1e/0031/r,21.604624
21466ee9-c1b6-4699-afcc-84128f8d0b1e/0031/theta,1.7814768331925825
87e9e215-a030-476d-ac5f-f1f4d06ac0c9/0059/r,10.091207
87e9e215-a030-476d-ac5f-f1f4d06ac0c9/0059/theta,5.4727573743644164
c8f59cc1-94da-4419-9946-8b1e4a42bbcd/0013/r,50
c8f59cc1-94da-4419-9946-8b1e4a42bbcd/0013/theta,0
55bfa58c-415e-443e-aaa0-c6716f66f780/0051/r,27.782497
55bfa58c-415e-443e-aaa0-c6716f66f780/0051/theta,-7.2143557212010565
030a2430-5503-47c8-87df-8df226c188b2/0071/r,16.925348
030a2430-5503-47c8-87df-8df226c188b2/0071/theta,-0.3402114824344971
94df467e-76d8-42c3-b45d-dcebf6131998/0003/r,3.831651
94df467e-76d8-42c3-b45d-dcebf6131998/0003/theta,-2.811748330569418
43125b79-258a-42c8-8572-fcad85e3c3be/0011/r,50
43125b79-258a-42c8-8572-fcad85e3c3be/0011/theta,0
7363cba9-9fbb-4fd2-8c07-e46bed2e1f33/0013/r,26.893301
7363cba9-9fbb-4fd2-8c07-e46bed2e1f33/0013/theta,0.9910557528137958
87e9e215-a030-476d-ac5f-f1f4d06ac0c9/0055/r,11.778554
87e9e215-a030-476d-ac5f-f1f4d06ac0c9/0055/theta,0.6035895265652861
58e8bf48-c131-42fb-b5f6-f63e6dc09483/0008/r,27.816387
58e8bf48-c131-42fb-b5f6-f63e6dc09483/0008/theta,-30.01263668479058
6662fdd2-4512-4fce-84b0-717edcd5f54c/0029/r,50
6662fdd2-4512-4fce-84b0-717edcd5f54c/0029/theta,0
87e9e215-a030-476d-ac5f-f1f4d06ac0c9/0053/r,33.473118
87e9e215-a030-476d-ac5f-f1f4d06ac0c9/0053/theta,8.140148589608557
561f3498-8181-4eca-bfda-5f3d61ba76ef/0001/r,15.520973
561f3498-8181-4eca-bfda-5f3d61ba76ef/0001/theta,-10.13559347826966
f8e9737c-639e-433f-8f28-2d7660d63181/0018/r,50
f8e9737c-639e-433f-8f28-2d7660d63181/0018/theta,0
597b5172-e412-4827-9b78-6b3585569148/0002/r,50
597b5172-e412-4827-9b78-6b3585569148/0002/theta,0
d441b25e-dd7d-46c2-895d-2510bcbd207d/0049/r,28.830822
d441b25e-dd7d-46c2-895d-2510bcbd207d/0049/theta,16.359624703784934
7363cba9-9fbb-4fd2-8c07-e46bed2e1f33/0014/r,11.118579
7363cba9-9fbb-4fd2-8c07-e46bed2e1f33/0014/theta,4.942363303235308
d441b25e-dd7d-46c2-895d-2510bcbd207d/0056/r,16.55662
d441b25e-dd7d-46c2-895d-2510bcbd207d/0056/theta,-16.022790509771173
6cc9eaa6-ab67-4102-b088-4ab6efa2af6e/0003/r,5.062304
6cc9eaa6-ab67-4102-b088-4ab6efa2af6e/0003/theta,-27.856636246857278
1d954255-b8d3-42f4-9e47-2cc32c4cb5ce/0028/r,6.6718993
1d954255-b8d3-42f4-9e47-2cc32c4cb5ce/0028/theta,-8.420704586182355
94df467e-76d8-42c3-b45d-dcebf6131998/0017/r,6.744449
94df467e-76d8-42c3-b45d-dcebf6131998/0017/theta,2.8032763346776637
f231aa86-53f9-4ddf-b163-0bb421b5c1b1/0011/r,37.746002
f231aa86-53f9-4ddf-b163-0bb421b5c1b1/0011/theta,-12.685272359584156
b89ca3c0-b361-43f8-b261-ab7eabe8eabf/0018/r,32.572315
b89ca3c0-b361-43f8-b261-ab7eabe8eabf/0018/theta,2.3769485198467497
87e9e215-a030-476d-ac5f-f1f4d06ac0c9/0050/r,12.651873
87e9e215-a030-476d-ac5f-f1f4d06ac0c9/0050/theta,1.6453801913382011
030a2430-5503-47c8-87df-8df226c188b2/0043/r,50
030a2430-5503-47c8-87df-8df226c188b2/0043/theta,0
6662fdd2-4512-4fce-84b0-717edcd5f54c/0038/r,24.326563
6662fdd2-4512-4fce-84b0-717edcd5f54c/0038/theta,6.974530277082161
cfb2daae-611b-4b73-9084-6dbf68c8343d/0007/r,50
cfb2daae-611b-4b73-9084-6dbf68c8343d/0007/theta,0
0213ada8-e776-4404-9312-c264153c57c1/0023/r,50
0213ada8-e776-4404-9312-c264153c57c1/0023/theta,0
9777f121-d32a-4eba-ad84-7b1b579d9f32/0028/r,16.247473
9777f121-d32a-4eba-ad84-7b1b579d9f32/0028/theta,-10.070978181174047
94835623-ca6c-4ac4-82d4-0e63c1b7c16a/0023/r,5.785342
94835623-ca6c-4ac4-82d4-0e63c1b7c16a/0023/theta,3.853189748560163
d441b25e-dd7d-46c2-895d-2510bcbd207d/0020/r,30.25884
d441b25e-dd7d-46c2-895d-2510bcbd207d/0020/theta,-10.13886001624022
f8b71ebf-da9e-408f-a080-6a972365160b/0035/r,6.025044
f8b71ebf-da9e-408f-a080-6a972365160b/0035/theta,12.531582857975113
aa3e1716-992d-48a6-9b2b-1abef589b301/0005/r,16.927513
aa3e1716-992d-48a6-9b2b-1abef589b301/0005/theta,9.865666109818049
d441b25e-dd7d-46c2-895d-2510bcbd207d/0004/r,4.3850856
d441b25e-dd7d-46c2-895d-2510bcbd207d/0004/theta,12.466647395762156
2b0b4d7d-2d10-46c6-b81d-6a7ec08ad6a9/0020/r,32.495747
2b0b4d7d-2d10-46c6-b81d-6a7ec08ad6a9/0020/theta,16.83887175708805
d441b25e-dd7d-46c2-895d-2510bcbd207d/0027/r,34.293385
d441b25e-dd7d-46c2-895d-2510bcbd207d/0027/theta,-36.95276799477844
59f19071-a9b1-4de8-b7fd-2a862d2ae674/0001/r,50
59f19071-a9b1-4de8-b7fd-2a862d2ae674/0001/theta,0
0213ada8-e776-4404-9312-c264153c57c1/0011/r,5.0923166
0213ada8-e776-4404-9312-c264153c57c1/0011/theta,4.90833615456395
5d07a8d5-1fed-47ef-8bb7-a6074763e09e/0020/r,6.670994
5d07a8d5-1fed-47ef-8bb7-a6074763e09e/0020/theta,-31.404079407410993
7363cba9-9fbb-4fd2-8c07-e46bed2e1f33/0010/r,50
7363cba9-9fbb-4fd2-8c07-e46bed2e1f33/0010/theta,0
0213ada8-e776-4404-9312-c264153c57c1/0000/r,15.065571
0213ada8-e776-4404-9312-c264153c57c1/0000/theta,3.762734565173923
33258271-d00b-47bb-a09a-4db79a4717e0/0029/r,10.347214
33258271-d00b-47bb-a09a-4db79a4717e0/0029/theta,-30.215933850341425
f231aa86-53f9-4ddf-b163-0bb421b5c1b1/0024/r,18.555666
f231aa86-53f9-4ddf-b163-0bb421b5c1b1/0024/theta,-12.025463279156229
0213ada8-e776-4404-9312-c264153c57c1/0003/r,5.1247334
0213ada8-e776-4404-9312-c264153c57c1/0003/theta,11.737437616951377
b89ca3c0-b361-43f8-b261-ab7eabe8eabf/0015/r,50
b89ca3c0-b361-43f8-b261-ab7eabe8eabf/0015/theta,0
ee2d1ee9-dd1d-4e63-9881-19205c5dae27/0057/r,6.1874228
ee2d1ee9-dd1d-4e63-9881-19205c5dae27/0057/theta,-1.1959453129366053
eccfbc47-1e2f-4754-9fa7-4f56903cd13d/0002/r,17.234085
eccfbc47-1e2f-4754-9fa7-4f56903cd13d/0002/theta,-31.39339016135992
0382f411-9b8a-47dc-bd88-eac8245a28ee/0047/r,50
0382f411-9b8a-47dc-bd88-eac8245a28ee/0047/theta,0
ee2d1ee9-dd1d-4e63-9881-19205c5dae27/0049/r,5.547549
ee2d1ee9-dd1d-4e63-9881-19205c5dae27/0049/theta,-2.1960392202913264
0382f411-9b8a-47dc-bd88-eac8245a28ee/0033/r,7.471416
0382f411-9b8a-47dc-bd88-eac8245a28ee/0033/theta,-29.804613028334085
59f19071-a9b1-4de8-b7fd-2a862d2ae674/0038/r,23.023558
59f19071-a9b1-4de8-b7fd-2a862d2ae674/0038/theta,35.186767943358284
9777f121-d32a-4eba-ad84-7b1b579d9f32/0022/r,37.685146
9777f121-d32a-4eba-ad84-7b1b579d9f32/0022/theta,-2.9425381288821115
cfb2daae-611b-4b73-9084-6dbf68c8343d/0000/r,50
cfb2daae-611b-4b73-9084-6dbf68c8343d/0000/theta,0
0213ada8-e776-4404-9312-c264153c57c1/0012/r,5.12189
0213ada8-e776-4404-9312-c264153c57c1/0012/theta,9.893424852378628
94835623-ca6c-4ac4-82d4-0e63c1b7c16a/0027/r,5.4324064
94835623-ca6c-4ac4-82d4-0e63c1b7c16a/0027/theta,3.2304079773965233
aa3e1716-992d-48a6-9b2b-1abef589b301/0004/r,12.592402
aa3e1716-992d-48a6-9b2b-1abef589b301/0004/theta,5.335489781954201
eccfbc47-1e2f-4754-9fa7-4f56903cd13d/0014/r,20.035486
eccfbc47-1e2f-4754-9fa7-4f56903cd13d/0014/theta,-13.083663633492659
030a2430-5503-47c8-87df-8df226c188b2/0001/r,16.202536
030a2430-5503-47c8-87df-8df226c188b2/0001/theta,18.501148555772392
8cfc1ad6-6b03-40bc-8f6e-4215a6741bc3/0015/r,36.28309
8cfc1ad6-6b03-40bc-8f6e-4215a6741bc3/0015/theta,22.158064280795777
4bdadb60-87ad-4a69-92a0-8d99e2fe3a51/0012/r,9.303519
4bdadb60-87ad-4a69-92a0-8d99e2fe3a51/0012/theta,5.554096389642806
21466ee9-c1b6-4699-afcc-84128f8d0b1e/0018/r,12.03273
21466ee9-c1b6-4699-afcc-84128f8d0b1e/0018/theta,7.36625229815297
f8e9737c-639e-433f-8f28-2d7660d63181/0036/r,34.80776
f8e9737c-639e-433f-8f28-2d7660d63181/0036/theta,1.2546315789458242
5d07a8d5-1fed-47ef-8bb7-a6074763e09e/0007/r,6.022326
5d07a8d5-1fed-47ef-8bb7-a6074763e09e/0007/theta,0.9611144446482813
87e9e215-a030-476d-ac5f-f1f4d06ac0c9/0062/r,9.746122
87e9e215-a030-476d-ac5f-f1f4d06ac0c9/0062/theta,4.711215614456913
0382f411-9b8a-47dc-bd88-eac8245a28ee/0016/r,50
0382f411-9b8a-47dc-bd88-eac8245a28ee/0016/theta,0
030a2430-5503-47c8-87df-8df226c188b2/0056/r,12.852975
030a2430-5503-47c8-87df-8df226c188b2/0056/theta,0.24332282113905973
05ccd11f-9082-4273-aefa-f8386f9ac125/0038/r,27.819727
05ccd11f-9082-4273-aefa-f8386f9ac125/0038/theta,-12.589800829139364
6cd404eb-1c36-4bde-b9b1-24b39b2c715f/0023/r,50
6cd404eb-1c36-4bde-b9b1-24b39b2c715f/0023/theta,0
5d07a8d5-1fed-47ef-8bb7-a6074763e09e/0015/r,4.920596
5d07a8d5-1fed-47ef-8bb7-a6074763e09e/0015/theta,0.38039225802206567
6662fdd2-4512-4fce-84b0-717edcd5f54c/0063/r,57.492207
6662fdd2-4512-4fce-84b0-717edcd5f54c/0063/theta,-1.0937993002905357
1d954255-b8d3-42f4-9e47-2cc32c4cb5ce/0027/r,18.385685
1d954255-b8d3-42f4-9e47-2cc32c4cb5ce/0027/theta,31.333219609866696
ec1672b2-15ee-4dcb-a6a0-1f524a1977d4/0027/r,13.488434
ec1672b2-15ee-4dcb-a6a0-1f524a1977d4/0027/theta,-0.9183364362679626
9d602547-bdf8-45e3-9b16-81c6fe9338e4/0004/r,34.14966
9d602547-bdf8-45e3-9b16-81c6fe9338e4/0004/theta,-39.11307828207802
21466ee9-c1b6-4699-afcc-84128f8d0b1e/0027/r,18.847706
21466ee9-c1b6-4699-afcc-84128f8d0b1e/0027/theta,2.166506976424072
87e9e215-a030-476d-ac5f-f1f4d06ac0c9/0058/r,8.905513
87e9e215-a030-476d-ac5f-f1f4d06ac0c9/0058/theta,4.573555713056245
4819ef9e-e93e-479b-a613-dca8f9be3d45/0002/r,25.810492
4819ef9e-e93e-479b-a613-dca8f9be3d45/0002/theta,-36.39699891710909
43125b79-258a-42c8-8572-fcad85e3c3be/0000/r,33.785774
43125b79-258a-42c8-8572-fcad85e3c3be/0000/theta,-30.228289662549976
0382f411-9b8a-47dc-bd88-eac8245a28ee/0035/r,27.561201
0382f411-9b8a-47dc-bd88-eac8245a28ee/0035/theta,-26.884148790188988
94df467e-76d8-42c3-b45d-dcebf6131998/0001/r,3.8442867
94df467e-76d8-42c3-b45d-dcebf6131998/0001/theta,-2.344748873665194
4819ef9e-e93e-479b-a613-dca8f9be3d45/0005/r,37.825657
4819ef9e-e93e-479b-a613-dca8f9be3d45/0005/theta,-12.509057747866057
